{"type":"FeatureCollection","features":[{"type":"Feature","properties":{"name":"オホーツク海沿岸"},"geometry":{"type":"MultiLineString","coordinates":[[[141.937,45.523],[141.957,45.513],[141.968,45.493],[141.979,45.474],[141.997,45.461],[142.019,45.453],[142.029,45.433],[142.039,45.412],[142.056,45.398],[142.075,45.387],[142.097,45.378],[142.116,45.367],[142.137,45.357],[142.158,45.346],[142.176,45.334],[142.191,45.317],[142.206,45.302],[142.223,45.286],[142.242,45.274],[142.255,45.254],[142.27,45.239],[142.286,45.224],[142.303,45.21],[142.32,45.196],[142.337,45.182],[142.353,45.168],[142.369,45.154],[142.385,45.139],[142.402,45.126],[142.419,45.111],[142.436,45.099],[142.454,45.085],[142.47,45.071],[142.489,45.059],[142.504,45.045],[142.521,45.031],[142.532,45.012],[142.541,44.991],[142.559,44.979],[142.574,44.964],[142.584,44.943],[142.589,44.918],[142.604,44.903],[142.622,44.89],[142.637,44.875],[142.65,44.858],[142.661,44.839],[142.681,44.828],[142.695,44.812],[142.708,44.794],[142.723,44.779],[142.737,44.762],[142.755,44.751],[142.773,44.738],[142.788,44.722],[142.805,44.709],[142.824,44.697],[142.843,44.686],[142.863,44.675],[142.878,44.66],[142.896,44.648],[142.912,44.634],[142.932,44.624],[142.946,44.608],[142.96,44.591],[142.974,44.575],[142.99,44.561],[143.009,44.55],[143.028,44.539],[143.048,44.529],[143.067,44.517],[143.086,44.506],[143.106,44.495],[143.126,44.485],[143.145,44.475],[143.165,44.465],[143.185,44.455],[143.206,44.445],[143.228,44.437],[143.24,44.419],[143.26,44.409],[143.28,44.399],[143.301,44.389],[143.322,44.381],[143.343,44.372],[143.36,44.358],[143.371,44.339],[143.385,44.323],[143.406,44.313],[143.426,44.303],[143.448,44.294],[143.469,44.286],[143.491,44.277],[143.513,44.269],[143.535,44.261],[143.558,44.253],[143.58,44.246],[143.603,44.238],[143.629,44.234],[143.648,44.223],[143.67,44.215],[143.693,44.208],[143.717,44.201],[143.74,44.194],[143.764,44.188],[143.788,44.179],[143.813,44.174],[143.837,44.168],[143.862,44.162],[143.886,44.157],[143.911,44.151],[143.936,44.146],[143.961,44.141],[143.986,44.136],[144.012,44.132],[144.039,44.128],[144.066,44.125],[144.093,44.127],[144.114,44.118],[144.139,44.112],[144.164,44.108],[144.191,44.105],[144.219,44.102],[144.24,44.112],[144.254,44.096],[144.254,44.067],[144.255,44.038],[144.272,44.025],[144.287,44.009],[144.3,43.992],[144.313,43.975],[144.334,43.966],[144.356,43.958],[144.38,43.951],[144.404,43.945],[144.429,43.94],[144.454,43.935],[144.48,43.931],[144.506,43.927],[144.533,43.923],[144.56,43.921],[144.589,43.919],[144.617,43.917],[144.647,43.917],[144.676,43.918],[144.705,43.919],[144.733,43.922],[144.76,43.925],[144.786,43.929],[144.804,43.941],[144.827,43.948],[144.84,43.965],[144.86,43.976],[144.88,43.985],[144.899,43.998],[144.916,44.01],[144.928,44.028],[144.946,44.04],[144.961,44.055],[144.978,44.068],[145.001,44.076],[145.011,44.096],[145.031,44.106],[145.051,44.116],[145.071,44.127],[145.089,44.139],[145.108,44.15],[145.125,44.163],[145.145,44.173],[145.165,44.184],[145.186,44.193],[145.202,44.207],[145.215,44.225],[145.226,44.243],[145.24,44.26],[145.259,44.271],[145.275,44.285],[145.287,44.303],[145.307,44.313],[145.316,44.335],[145.338,44.341]]]}},{"type":"Feature","properties":{"name":"愛知県外海"},"geometry":{"type":"MultiLineString","coordinates":[[[137.485,34.674],[137.459,34.67],[137.433,34.666],[137.408,34.661],[137.383,34.656],[137.358,34.651],[137.333,34.645],[137.309,34.64],[137.285,34.633],[137.262,34.626],[137.239,34.619],[137.216,34.613],[137.193,34.605],[137.169,34.599],[137.147,34.592],[137.121,34.587],[137.094,34.591],[137.069,34.586],[137.045,34.58],[137.017,34.579]]]}},{"type":"Feature","properties":{"name":"愛媛県宇和海沿岸"},"geometry":{"type":"MultiLineString","coordinates":[[[132.656,32.925],[132.627,32.923],[132.605,32.915],[132.589,32.929],[132.603,32.945],[132.578,32.939],[132.554,32.945],[132.569,32.93],[132.544,32.935],[132.525,32.946],[132.513,32.929],[132.508,32.904],[132.479,32.905],[132.471,32.927],[132.484,32.945],[132.479,32.969],[132.493,32.985],[132.502,32.964],[132.53,32.965],[132.552,32.957],[132.538,32.973],[132.512,32.977],[132.503,32.998],[132.485,33.01],[132.485,33.041],[132.463,33.048],[132.436,33.051],[132.411,33.056],[132.41,33.027],[132.387,33.021],[132.397,33.04],[132.406,33.061],[132.431,33.056],[132.458,33.059],[132.484,33.064],[132.466,33.077],[132.478,33.094],[132.466,33.112],[132.447,33.123],[132.469,33.115],[132.494,33.121],[132.482,33.139],[132.455,33.142],[132.435,33.152],[132.446,33.171],[132.439,33.193],[132.423,33.208],[132.411,33.189],[132.39,33.198],[132.411,33.207],[132.44,33.206],[132.46,33.196],[132.47,33.176],[132.489,33.165],[132.503,33.181],[132.489,33.197],[132.509,33.207],[132.532,33.215],[132.557,33.22],[132.542,33.235],[132.522,33.246],[132.54,33.258],[132.517,33.265],[132.491,33.269],[132.474,33.255],[132.48,33.28],[132.494,33.296],[132.515,33.305],[132.497,33.317],[132.469,33.319],[132.449,33.31],[132.423,33.305],[132.399,33.311],[132.379,33.321],[132.391,33.339],[132.411,33.35],[132.414,33.376],[132.393,33.368],[132.38,33.385],[132.397,33.398],[132.386,33.418],[132.406,33.428],[132.39,33.442],[132.411,33.452],[132.388,33.459],[132.371,33.472],[132.353,33.484],[132.334,33.472],[132.318,33.458],[132.305,33.474],[132.286,33.462],[132.271,33.447],[132.25,33.437],[132.232,33.426],[132.208,33.419],[132.184,33.413],[132.168,33.399],[132.153,33.384],[132.136,33.371],[132.112,33.364],[132.12,33.386],[132.091,33.385],[132.069,33.377],[132.049,33.366],[132.035,33.35],[132.014,33.344]],[[132.455,32.952],[132.437,32.94],[132.455,32.952]],[[132.263,33.185],[132.283,33.175],[132.262,33.184],[132.263,33.185]],[[132.375,33.222],[132.363,33.204],[132.378,33.219],[132.375,33.222]],[[132.518,33.241],[132.534,33.228],[132.517,33.24],[132.518,33.241]]]}},{"type":"Feature","properties":{"name":"愛媛県瀬戸内海沿岸"},"geometry":{"type":"MultiLineString","coordinates":[[[132.014,33.344],[132.031,33.357],[132.048,33.37],[132.066,33.382],[132.083,33.396],[132.103,33.406],[132.12,33.419],[132.135,33.403],[132.158,33.409],[132.15,33.431],[132.176,33.435],[132.198,33.444],[132.226,33.445],[132.241,33.461],[132.259,33.45],[132.265,33.474],[132.289,33.481],[132.307,33.492],[132.328,33.501],[132.35,33.51],[132.37,33.52],[132.391,33.529],[132.408,33.542],[132.427,33.554],[132.438,33.572],[132.454,33.587],[132.468,33.603],[132.481,33.62],[132.504,33.627],[132.526,33.635],[132.548,33.643],[132.571,33.65],[132.593,33.658],[132.611,33.671],[132.629,33.683],[132.648,33.694],[132.663,33.71],[132.673,33.729],[132.685,33.748],[132.697,33.767],[132.689,33.792],[132.69,33.82],[132.701,33.84],[132.712,33.859],[132.7,33.877],[132.709,33.898],[132.733,33.904],[132.755,33.912],[132.762,33.935],[132.769,33.958],[132.772,33.985],[132.781,34.006],[132.804,34.013],[132.822,34.026],[132.84,34.038],[132.857,34.052],[132.88,34.059],[132.902,34.066],[132.922,34.076],[132.928,34.101],[132.911,34.113],[132.931,34.123],[132.942,34.143],[132.954,34.125],[132.969,34.11],[132.986,34.097],[133.0,34.079],[133.017,34.065],[133.033,34.05],[133.042,34.027],[133.052,34.007],[133.062,33.988],[133.074,33.969],[133.087,33.952],[133.111,33.946],[133.127,33.931],[133.155,33.933],[133.18,33.942],[133.206,33.947],[133.23,33.955],[133.252,33.963],[133.27,33.975],[133.291,33.985],[133.317,33.989],[133.34,33.981],[133.37,33.981],[133.392,33.989],[133.419,33.986],[133.446,33.983],[133.468,33.974],[133.493,33.969],[133.517,33.976],[133.539,33.984],[133.545,34.007],[133.567,34.015],[133.583,34.03],[133.598,34.044]],[[132.691,33.927],[132.685,33.902],[132.689,33.877],[132.663,33.873],[132.668,33.898],[132.68,33.916],[132.691,33.927]],[[132.55,33.938],[132.531,33.927],[132.55,33.938],[132.55,33.938]],[[132.662,33.974],[132.674,33.956],[132.649,33.961],[132.662,33.974]],[[132.513,33.99],[132.502,33.97],[132.512,33.99],[132.513,33.99]],[[132.562,33.994],[132.551,33.975],[132.535,33.989],[132.559,33.995],[132.562,33.994]],[[132.646,34.018],[132.641,33.993],[132.63,33.974],[132.617,33.957],[132.601,33.943],[132.588,33.961],[132.599,33.98],[132.618,33.992],[132.634,34.006],[132.646,34.018]],[[133.037,34.195],[133.063,34.191],[133.077,34.175],[133.106,34.174],[133.093,34.158],[133.077,34.144],[133.059,34.131],[133.044,34.116],[133.021,34.109],[133.019,34.137],[133.029,34.157],[133.021,34.178],[133.035,34.195],[133.037,34.195]],[[132.873,34.197],[132.894,34.188],[132.865,34.189],[132.873,34.197]],[[133.108,34.242],[133.114,34.218],[133.139,34.212],[133.125,34.195],[133.1,34.2],[133.074,34.204],[133.062,34.223],[133.084,34.231],[133.106,34.239],[133.108,34.242]],[[133.193,34.257],[133.189,34.232],[133.193,34.257]],[[133.153,34.28],[133.165,34.262],[133.151,34.246],[133.131,34.256],[133.142,34.275],[133.153,34.28]],[[133.172,34.286],[133.185,34.269],[133.167,34.28],[133.172,34.286]],[[133.229,34.292],[133.225,34.266],[133.214,34.247],[133.199,34.262],[133.211,34.28],[133.229,34.292]],[[133.012,34.3],[133.031,34.289],[133.042,34.269],[133.054,34.252],[133.056,34.224],[133.039,34.211],[133.009,34.211],[132.989,34.201],[132.966,34.193],[132.948,34.205],[132.961,34.223],[132.99,34.224],[132.994,34.25],[132.972,34.258],[132.986,34.274],[133.0,34.291],[133.012,34.3]]]}},{"type":"Feature","properties":{"name":"伊勢・三河湾"},"geometry":{"type":"MultiLineString","coordinates":[[[137.017,34.579],[137.03,34.596],[137.04,34.616],[137.05,34.636],[137.061,34.655],[137.089,34.657],[137.105,34.644],[137.131,34.639],[137.145,34.654],[137.172,34.658],[137.19,34.67],[137.211,34.678],[137.232,34.687],[137.244,34.706],[137.264,34.717],[137.282,34.729],[137.301,34.718],[137.295,34.694],[137.322,34.696],[137.309,34.713],[137.328,34.725],[137.321,34.747],[137.326,34.772],[137.307,34.783],[137.303,34.809],[137.278,34.804],[137.25,34.806],[137.229,34.816],[137.211,34.804],[137.19,34.794],[137.183,34.77],[137.17,34.787],[137.141,34.789],[137.113,34.791],[137.094,34.78],[137.071,34.786],[137.049,34.778],[137.022,34.781],[137.009,34.798],[136.997,34.816],[136.971,34.821],[136.956,34.837],[136.961,34.863],[136.972,34.882],[136.978,34.907],[136.98,34.936],[136.969,34.915],[136.963,34.891],[136.942,34.879],[136.928,34.864],[136.932,34.838],[136.925,34.814],[136.919,34.79],[136.924,34.765],[136.939,34.75],[136.957,34.738],[136.969,34.719],[136.957,34.7],[136.934,34.708],[136.911,34.714],[136.888,34.722],[136.87,34.733],[136.853,34.747],[136.84,34.766],[136.852,34.785],[136.859,34.808],[136.865,34.831],[136.856,34.854],[136.845,34.872],[136.823,34.881],[136.822,34.911],[136.825,34.939],[136.821,34.966],[136.839,34.98],[136.852,34.998],[136.87,35.01],[136.862,35.032],[136.883,35.042],[136.885,35.071],[136.872,35.088],[136.857,35.072],[136.836,35.082],[136.819,35.069],[136.808,35.05],[136.799,35.03],[136.776,35.022],[136.754,35.031],[136.729,35.025],[136.702,35.022],[136.689,35.005],[136.662,35.002],[136.649,34.984],[136.644,34.959],[136.661,34.946],[136.646,34.93],[136.644,34.902],[136.634,34.882],[136.622,34.864],[136.609,34.847],[136.595,34.831],[136.58,34.815],[136.566,34.8],[136.552,34.784],[136.54,34.765],[136.531,34.744],[136.526,34.719],[136.521,34.694],[136.535,34.678],[136.549,34.662],[136.549,34.632],[136.534,34.616],[136.56,34.61],[136.584,34.604],[136.61,34.6],[136.633,34.593],[136.651,34.581],[136.66,34.566]],[[136.806,34.878],[136.822,34.864],[136.814,34.842],[136.803,34.861],[136.806,34.878]],[[136.673,34.998],[136.666,34.974],[136.653,34.991],[136.671,35.002],[136.673,34.998]],[[136.756,35.01],[136.743,35.028],[136.756,35.01]],[[136.831,35.049],[136.822,35.027],[136.81,35.047],[136.831,35.049]],[[136.878,35.072],[136.869,35.05],[136.878,35.072],[136.878,35.072]]]}},{"type":"Feature","properties":{"name":"伊豆諸島"},"geometry":{"type":"MultiLineString","coordinates":[[[140.304,30.496],[140.291,30.479],[140.304,30.496],[140.304,30.496]],[[139.758,32.473],[139.777,32.462],[139.763,32.446],[139.754,32.467],[139.758,32.473]],[[139.686,33.137],[139.699,33.12],[139.678,33.129],[139.686,33.137]],[[139.76,33.159],[139.782,33.151],[139.797,33.135],[139.816,33.125],[139.839,33.117],[139.854,33.102],[139.848,33.078],[139.834,33.062],[139.806,33.06],[139.785,33.069],[139.779,33.093],[139.758,33.102],[139.746,33.12],[139.739,33.143],[139.754,33.158],[139.76,33.159]],[[139.604,33.901],[139.621,33.889],[139.632,33.869],[139.619,33.852],[139.592,33.855],[139.577,33.87],[139.585,33.892],[139.604,33.901]],[[139.532,34.125],[139.553,34.115],[139.565,34.098],[139.563,34.07],[139.546,34.057],[139.524,34.049],[139.494,34.049],[139.478,34.063],[139.482,34.089],[139.492,34.109],[139.509,34.122],[139.532,34.125]],[[139.143,34.244],[139.165,34.235],[139.174,34.214],[139.155,34.203],[139.142,34.186],[139.12,34.194],[139.131,34.213],[139.137,34.237],[139.143,34.244]],[[139.213,34.337],[139.202,34.318],[139.213,34.337],[139.213,34.337]],[[139.279,34.431],[139.288,34.41],[139.278,34.39],[139.276,34.362],[139.272,34.336],[139.25,34.343],[139.243,34.367],[139.256,34.384],[139.264,34.406],[139.28,34.42],[139.279,34.431]],[[139.361,34.799],[139.383,34.791],[139.408,34.786],[139.428,34.776],[139.44,34.758],[139.444,34.732],[139.445,34.702],[139.438,34.679],[139.411,34.681],[139.388,34.689],[139.369,34.7],[139.355,34.716],[139.354,34.745],[139.351,34.772],[139.359,34.794],[139.361,34.799]]]}},{"type":"Feature","properties":{"name":"壱岐・対馬"},"geometry":{"type":"MultiLineString","coordinates":[[[129.704,33.864],[129.723,33.853],[129.749,33.848],[129.773,33.842],[129.763,33.822],[129.769,33.797],[129.789,33.788],[129.764,33.783],[129.782,33.772],[129.797,33.756],[129.78,33.743],[129.754,33.739],[129.733,33.73],[129.72,33.713],[129.693,33.716],[129.679,33.733],[129.672,33.755],[129.657,33.739],[129.65,33.762],[129.68,33.762],[129.664,33.777],[129.654,33.796],[129.677,33.803],[129.67,33.826],[129.682,33.844],[129.701,33.855],[129.704,33.864]],[[129.383,34.304],[129.375,34.282],[129.349,34.285],[129.364,34.299],[129.383,34.304]],[[129.205,34.332],[129.228,34.324],[129.222,34.299],[129.249,34.303],[129.276,34.305],[129.285,34.284],[129.279,34.308],[129.265,34.324],[129.289,34.318],[129.309,34.308],[129.299,34.288],[129.318,34.276],[129.328,34.296],[129.347,34.285],[129.329,34.273],[129.318,34.253],[129.325,34.23],[129.309,34.217],[129.298,34.198],[129.289,34.177],[129.281,34.154],[129.275,34.13],[129.261,34.114],[129.241,34.104],[129.219,34.096],[129.198,34.105],[129.17,34.104],[129.169,34.133],[129.174,34.157],[129.179,34.182],[129.181,34.211],[129.19,34.232],[129.192,34.26],[129.196,34.287],[129.199,34.314],[129.205,34.332]],[[129.297,34.337],[129.317,34.326],[129.335,34.314],[129.313,34.323],[129.297,34.337],[129.297,34.337]],[[129.397,34.36],[129.407,34.34],[129.395,34.358],[129.397,34.36]],[[129.449,34.707],[129.468,34.695],[129.475,34.672],[129.472,34.645],[129.478,34.621],[129.453,34.626],[129.463,34.606],[129.474,34.586],[129.47,34.56],[129.461,34.539],[129.448,34.522],[129.435,34.505],[129.417,34.492],[129.401,34.478],[129.386,34.463],[129.373,34.446],[129.385,34.429],[129.376,34.409],[129.358,34.395],[129.385,34.399],[129.382,34.371],[129.378,34.346],[129.373,34.321],[129.361,34.302],[129.334,34.305],[129.349,34.321],[129.36,34.34],[129.344,34.354],[129.355,34.373],[129.334,34.364],[129.319,34.349],[129.302,34.363],[129.312,34.383],[129.288,34.388],[129.28,34.366],[129.299,34.355],[129.268,34.355],[129.241,34.352],[129.256,34.367],[129.276,34.377],[129.274,34.405],[129.278,34.432],[129.295,34.445],[129.309,34.46],[129.289,34.45],[129.274,34.466],[129.287,34.483],[129.296,34.504],[129.307,34.523],[129.325,34.535],[129.315,34.556],[129.288,34.559],[129.298,34.579],[129.305,34.602],[129.314,34.622],[129.32,34.647],[129.35,34.648],[129.376,34.645],[129.394,34.658],[129.408,34.674],[129.418,34.694],[129.443,34.699],[129.449,34.707]]]}},{"type":"Feature","properties":{"name":"茨城県"},"geometry":{"type":"MultiLineString","coordinates":[[[140.637,36.403],[140.636,36.433],[140.637,36.403]],[[140.793,36.859],[140.802,36.838],[140.785,36.825],[140.766,36.814],[140.756,36.794],[140.745,36.776],[140.736,36.754],[140.729,36.731],[140.722,36.708],[140.716,36.684],[140.712,36.657],[140.694,36.645],[140.689,36.62],[140.674,36.604],[140.663,36.586],[140.651,36.568],[140.646,36.543],[140.634,36.524],[140.629,36.499],[140.612,36.486],[140.609,36.459],[140.622,36.442],[140.613,36.418],[140.615,36.389],[140.625,36.369],[140.611,36.354],[140.594,36.339],[140.589,36.314],[140.571,36.302],[140.559,36.284],[140.56,36.255],[140.563,36.228],[140.568,36.203],[140.574,36.179],[140.581,36.155],[140.589,36.133],[140.598,36.111],[140.607,36.091],[140.617,36.07],[140.627,36.051],[140.638,36.031],[140.648,36.011],[140.659,35.992],[140.67,35.973],[140.696,35.967],[140.7,35.939],[140.684,35.923],[140.658,35.927],[140.673,35.912],[140.682,35.89],[140.685,35.917],[140.707,35.925],[140.712,35.951],[140.707,35.925],[140.718,35.906],[140.731,35.889],[140.741,35.869],[140.754,35.851],[140.767,35.834],[140.779,35.817],[140.793,35.8],[140.806,35.783],[140.82,35.767],[140.836,35.753],[140.852,35.745]]]}},{"type":"Feature","properties":{"name":"隠岐"},"geometry":{"type":"MultiLineString","coordinates":[[[133.004,36.033],[133.03,36.029],[133.049,36.018],[133.072,36.011],[133.059,35.994],[133.045,36.01],[133.019,36.006],[133.004,36.02],[133.004,36.033]],[[133.113,36.12],[133.133,36.109],[133.125,36.088],[133.147,36.079],[133.119,36.077],[133.105,36.061],[133.086,36.05],[133.071,36.035],[133.075,36.061],[133.071,36.086],[133.081,36.107],[133.099,36.119],[133.113,36.12]],[[133.069,36.143],[133.091,36.134],[133.076,36.119],[133.053,36.112],[133.056,36.085],[133.048,36.064],[133.021,36.067],[133.006,36.082],[132.985,36.092],[132.988,36.064],[132.999,36.045],[132.976,36.052],[132.954,36.061],[132.956,36.089],[132.971,36.105],[132.992,36.114],[133.013,36.123],[133.027,36.138],[133.047,36.128],[133.067,36.139],[133.069,36.143]],[[133.279,36.349],[133.293,36.333],[133.31,36.32],[133.33,36.31],[133.348,36.298],[133.362,36.282],[133.381,36.27],[133.375,36.246],[133.372,36.218],[133.357,36.203],[133.344,36.22],[133.333,36.202],[133.308,36.196],[133.335,36.193],[133.331,36.168],[133.309,36.177],[133.281,36.179],[133.264,36.166],[133.244,36.176],[133.226,36.189],[133.209,36.202],[133.192,36.215],[133.19,36.243],[133.186,36.269],[133.204,36.28],[133.21,36.305],[133.228,36.316],[133.242,36.333],[133.272,36.333],[133.279,36.349]]]}},{"type":"Feature","properties":{"name":"奄美群島・トカラ列島"},"geometry":{"type":"MultiLineString","coordinates":[[[128.432,27.068],[128.449,27.055],[128.455,27.031],[128.435,27.021],[128.412,27.029],[128.397,27.044],[128.415,27.055],[128.432,27.068]],[[128.694,27.441],[128.688,27.417],[128.669,27.406],[128.656,27.389],[128.643,27.372],[128.623,27.362],[128.608,27.347],[128.589,27.335],[128.566,27.328],[128.545,27.336],[128.53,27.352],[128.521,27.372],[128.527,27.396],[128.556,27.396],[128.582,27.401],[128.608,27.405],[128.634,27.409],[128.652,27.421],[128.674,27.429],[128.692,27.441],[128.694,27.441]],[[128.907,27.894],[128.933,27.89],[128.961,27.891],[128.975,27.876],[128.957,27.864],[128.971,27.847],[128.969,27.819],[128.985,27.805],[129.006,27.796],[129.019,27.778],[129.037,27.767],[129.029,27.745],[129.019,27.725],[129.006,27.708],[128.998,27.686],[128.985,27.669],[128.958,27.666],[128.93,27.664],[128.92,27.684],[128.907,27.702],[128.889,27.713],[128.898,27.734],[128.904,27.758],[128.895,27.778],[128.888,27.802],[128.881,27.824],[128.888,27.847],[128.89,27.875],[128.902,27.893],[128.907,27.894]],[[129.214,28.055],[129.229,28.04],[129.254,28.034],[129.268,28.018],[129.239,28.02],[129.212,28.023],[129.213,28.052],[129.214,28.055]],[[129.173,28.069],[129.166,28.045],[129.161,28.02],[129.145,28.033],[129.157,28.052],[129.17,28.069],[129.173,28.069]],[[129.209,28.201],[129.234,28.196],[129.213,28.186],[129.223,28.166],[129.238,28.151],[129.256,28.163],[129.275,28.152],[129.247,28.15],[129.251,28.124],[129.269,28.136],[129.279,28.115],[129.302,28.122],[129.319,28.108],[129.341,28.116],[129.346,28.091],[129.333,28.075],[129.323,28.095],[129.299,28.089],[129.285,28.074],[129.261,28.081],[129.258,28.107],[129.237,28.097],[129.224,28.081],[129.222,28.109],[129.216,28.133],[129.198,28.145],[129.187,28.164],[129.176,28.183],[129.194,28.196],[129.209,28.201]],[[129.184,28.306],[129.208,28.299],[129.193,28.285],[129.184,28.306],[129.184,28.306]],[[130.019,28.379],[130.034,28.364],[130.022,28.346],[130.001,28.337],[129.994,28.314],[129.983,28.295],[129.964,28.283],[129.943,28.275],[129.93,28.292],[129.914,28.305],[129.925,28.324],[129.952,28.327],[129.968,28.341],[129.985,28.354],[130.002,28.368],[130.019,28.379]],[[129.69,28.53],[129.691,28.501],[129.702,28.481],[129.717,28.467],[129.713,28.44],[129.702,28.421],[129.682,28.41],[129.665,28.398],[129.641,28.404],[129.614,28.401],[129.602,28.383],[129.59,28.364],[129.575,28.349],[129.562,28.333],[129.536,28.329],[129.53,28.304],[129.506,28.298],[129.485,28.289],[129.463,28.296],[129.459,28.27],[129.445,28.254],[129.42,28.249],[129.436,28.235],[129.459,28.229],[129.476,28.215],[129.455,28.206],[129.433,28.198],[129.408,28.193],[129.405,28.166],[129.376,28.165],[129.354,28.173],[129.361,28.149],[129.372,28.13],[129.347,28.135],[129.319,28.139],[129.3,28.15],[129.285,28.165],[129.283,28.194],[129.265,28.183],[129.273,28.205],[129.291,28.217],[129.263,28.215],[129.277,28.231],[129.254,28.224],[129.227,28.221],[129.201,28.225],[129.176,28.23],[129.153,28.237],[129.138,28.253],[129.165,28.256],[129.181,28.271],[129.2,28.26],[129.221,28.269],[129.246,28.264],[129.273,28.261],[129.288,28.277],[129.268,28.288],[129.251,28.275],[129.233,28.287],[129.215,28.3],[129.236,28.309],[129.257,28.318],[129.278,28.327],[129.305,28.33],[129.318,28.348],[129.335,28.362],[129.36,28.357],[129.381,28.367],[129.4,28.356],[129.398,28.383],[129.422,28.389],[129.445,28.381],[129.454,28.402],[129.482,28.404],[129.495,28.387],[129.514,28.398],[129.516,28.426],[129.525,28.448],[129.542,28.46],[129.56,28.448],[129.574,28.464],[129.594,28.474],[129.621,28.477],[129.61,28.457],[129.602,28.436],[129.591,28.417],[129.606,28.432],[129.62,28.448],[129.622,28.421],[129.644,28.43],[129.65,28.454],[129.666,28.439],[129.674,28.461],[129.662,28.479],[129.649,28.495],[129.665,28.509],[129.678,28.527],[129.69,28.53]],[[128.994,28.807],[128.978,28.793],[128.994,28.807]],[[129.201,29.159],[129.222,29.15],[129.205,29.137],[129.189,29.151],[129.201,29.159]],[[129.595,29.477],[129.612,29.464],[129.6,29.445],[129.586,29.46],[129.595,29.477]],[[129.74,29.672],[129.739,29.643],[129.727,29.624],[129.711,29.61],[129.69,29.62],[129.685,29.644],[129.7,29.659],[129.72,29.669],[129.74,29.672]],[[129.852,29.884],[129.874,29.876],[129.891,29.863],[129.899,29.841],[129.915,29.827],[129.889,29.822],[129.86,29.823],[129.847,29.841],[129.836,29.859],[129.845,29.879],[129.852,29.884]],[[129.537,29.916],[129.552,29.901],[129.531,29.911],[129.537,29.916]],[[129.917,30.007],[129.925,29.986],[129.94,29.97],[129.931,29.95],[129.911,29.96],[129.904,29.983],[129.912,30.006],[129.917,30.007]]]}},{"type":"Feature","properties":{"name":"岡山県"},"geometry":{"type":"MultiLineString","coordinates":[[[133.587,34.364],[133.573,34.348],[133.587,34.364],[133.587,34.364]],[[133.543,34.402],[133.547,34.376],[133.522,34.381],[133.537,34.396],[133.543,34.402]],[[133.525,34.416],[133.518,34.393],[133.525,34.416],[133.525,34.416]],[[134.008,34.498],[134.024,34.506]],[[133.684,34.504],[133.669,34.488],[133.683,34.504],[133.684,34.504]],[[134.199,34.617],[134.18,34.606],[134.199,34.617]],[[134.322,34.722],[134.303,34.735],[134.274,34.733],[134.259,34.718],[134.231,34.72],[134.212,34.731],[134.188,34.738],[134.205,34.724],[134.219,34.708],[134.244,34.703],[134.227,34.69],[134.214,34.673],[134.192,34.665],[134.174,34.653],[134.185,34.634],[134.172,34.616],[134.146,34.612],[134.13,34.598],[134.108,34.589],[134.087,34.581],[134.061,34.585],[134.051,34.605],[134.024,34.608],[133.999,34.613],[133.98,34.602],[133.95,34.602],[133.973,34.594],[134.002,34.593],[134.026,34.599],[134.041,34.584],[134.03,34.565],[134.021,34.544],[133.997,34.537],[134.007,34.517],[133.989,34.529],[133.963,34.526],[133.964,34.497],[133.946,34.484],[133.943,34.458],[133.92,34.45],[133.896,34.456],[133.873,34.463],[133.849,34.47],[133.821,34.468],[133.81,34.447],[133.789,34.437],[133.774,34.453],[133.764,34.473],[133.75,34.489],[133.744,34.512],[133.726,34.499],[133.74,34.482],[133.719,34.473],[133.704,34.49],[133.705,34.519],[133.68,34.524],[133.657,34.517],[133.641,34.503],[133.62,34.493],[133.594,34.489],[133.579,34.471],[133.554,34.465],[133.53,34.471],[133.516,34.488],[133.503,34.505],[133.514,34.483],[133.528,34.468],[133.516,34.449],[133.492,34.443],[133.484,34.466],[133.465,34.455],[133.455,34.477],[133.447,34.48]],[[134.298,34.73],[134.317,34.718],[134.342,34.714],[134.322,34.704],[134.296,34.708],[134.277,34.719],[134.296,34.73],[134.298,34.73]]]}},{"type":"Feature","properties":{"name":"沖縄本島地方"},"geometry":{"type":"MultiLineString","coordinates":[[[127.909,26.172],[127.893,26.158],[127.909,26.172],[127.909,26.172]],[[127.652,26.225],[127.658,26.253],[127.652,26.225]],[[127.281,26.212],[127.276,26.187],[127.28,26.212],[127.281,26.212]],[[127.453,26.225],[127.445,26.202],[127.452,26.226],[127.453,26.225]],[[127.357,26.226],[127.372,26.21],[127.366,26.186],[127.363,26.159],[127.344,26.17],[127.346,26.199],[127.355,26.219],[127.357,26.226]],[[127.945,26.262],[127.932,26.244],[127.945,26.262],[127.945,26.262]],[[127.31,26.252],[127.329,26.241],[127.315,26.226],[127.287,26.228],[127.305,26.24],[127.31,26.252]],[[127.862,26.344],[127.844,26.327],[127.858,26.343],[127.862,26.344]],[[127.966,26.365],[127.961,26.339],[127.944,26.353],[127.967,26.362],[127.966,26.365]],[[127.988,26.385],[127.995,26.363],[127.976,26.352],[127.978,26.379],[127.988,26.385]],[[126.898,26.35],[126.873,26.345],[126.897,26.351],[126.898,26.35]],[[127.147,26.382],[127.158,26.363],[127.138,26.375],[127.147,26.382]],[[126.776,26.391],[126.792,26.377],[126.81,26.365],[126.823,26.348],[126.809,26.331],[126.804,26.306],[126.777,26.309],[126.768,26.33],[126.751,26.343],[126.727,26.349],[126.711,26.364],[126.73,26.375],[126.75,26.385],[126.774,26.391],[126.776,26.391]],[[127.231,26.602],[127.247,26.588],[127.227,26.578],[127.231,26.602]],[[127.867,26.654],[127.861,26.629],[127.867,26.654]],[[128.02,26.681],[128.03,26.66],[128.01,26.65],[127.995,26.665],[128.012,26.679],[128.02,26.681]],[[127.808,26.739],[127.826,26.727],[127.815,26.708],[127.787,26.71],[127.757,26.709],[127.759,26.737],[127.785,26.734],[127.808,26.739]],[[128.258,26.876],[128.271,26.859],[128.289,26.847],[128.305,26.833],[128.318,26.815],[128.321,26.789],[128.323,26.76],[128.318,26.734],[128.302,26.721],[128.291,26.701],[128.279,26.684],[128.265,26.668],[128.251,26.651],[128.239,26.633],[128.214,26.628],[128.187,26.625],[128.162,26.629],[128.155,26.606],[128.131,26.601],[128.14,26.58],[128.133,26.556],[128.109,26.55],[128.095,26.534],[128.077,26.546],[128.049,26.549],[128.053,26.522],[128.031,26.512],[128.007,26.507],[128.0,26.483],[127.982,26.472],[127.953,26.474],[127.945,26.451],[127.925,26.44],[127.903,26.449],[127.881,26.456],[127.855,26.452],[127.844,26.432],[127.848,26.406],[127.864,26.392],[127.881,26.378],[127.881,26.349],[127.897,26.334],[127.915,26.322],[127.923,26.3],[127.898,26.306],[127.883,26.32],[127.869,26.336],[127.841,26.333],[127.831,26.313],[127.849,26.302],[127.828,26.311],[127.811,26.298],[127.806,26.272],[127.795,26.252],[127.788,26.228],[127.774,26.212],[127.778,26.187],[127.806,26.189],[127.827,26.179],[127.819,26.158],[127.801,26.145],[127.781,26.135],[127.762,26.124],[127.743,26.113],[127.729,26.097],[127.706,26.09],[127.685,26.081],[127.657,26.083],[127.661,26.109],[127.669,26.131],[127.649,26.142],[127.669,26.152],[127.646,26.159],[127.644,26.188],[127.647,26.215],[127.67,26.208],[127.683,26.224],[127.671,26.242],[127.686,26.257],[127.705,26.268],[127.726,26.277],[127.745,26.288],[127.759,26.305],[127.746,26.323],[127.744,26.351],[127.734,26.37],[127.722,26.389],[127.714,26.411],[127.712,26.439],[127.732,26.428],[127.757,26.433],[127.786,26.435],[127.803,26.448],[127.817,26.464],[127.834,26.477],[127.842,26.5],[127.865,26.507],[127.892,26.51],[127.915,26.517],[127.928,26.533],[127.95,26.541],[127.969,26.553],[127.981,26.571],[127.97,26.591],[127.949,26.6],[127.928,26.609],[127.903,26.604],[127.89,26.621],[127.879,26.641],[127.891,26.659],[127.882,26.68],[127.88,26.708],[127.903,26.701],[127.929,26.704],[127.956,26.708],[127.972,26.694],[128.001,26.692],[127.994,26.669],[127.983,26.649],[128.003,26.639],[128.022,26.629],[128.047,26.635],[128.069,26.643],[128.089,26.653],[128.109,26.663],[128.11,26.693],[128.129,26.704],[128.149,26.714],[128.159,26.735],[128.176,26.748],[128.192,26.762],[128.208,26.776],[128.224,26.79],[128.234,26.811],[128.244,26.83],[128.244,26.86],[128.258,26.876]],[[127.938,26.956],[127.956,26.944],[127.951,26.919],[127.923,26.918],[127.912,26.937],[127.928,26.951],[127.938,26.956]],[[128.021,27.094],[128.005,27.08],[127.997,27.057],[127.984,27.04],[127.963,27.031],[127.945,27.019],[127.937,26.997],[127.938,27.026],[127.951,27.043],[127.967,27.057],[127.983,27.071],[127.996,27.089],[128.02,27.095],[128.021,27.094]],[[128.223,27.885],[128.235,27.868],[128.219,27.882],[128.223,27.885]]]}},{"type":"Feature","properties":{"name":"岩手県"},"geometry":{"type":"MultiLineString","coordinates":[[[141.683,40.45],[141.696,40.434],[141.714,40.42],[141.722,40.398],[141.738,40.384],[141.753,40.37],[141.766,40.352],[141.773,40.329],[141.785,40.311],[141.797,40.294],[141.811,40.277],[141.821,40.257],[141.831,40.237],[141.817,40.22],[141.8,40.207],[141.813,40.189],[141.832,40.179],[141.852,40.169],[141.867,40.153],[141.858,40.132],[141.836,40.124],[141.826,40.104],[141.833,40.08],[141.846,40.063],[141.864,40.051],[141.883,40.04],[141.897,40.024],[141.912,40.009],[141.938,40.005],[141.951,39.988],[141.956,39.963],[141.945,39.945],[141.94,39.92],[141.951,39.901],[141.965,39.885],[141.977,39.867],[141.981,39.84],[141.991,39.821],[141.986,39.795],[141.999,39.778],[141.989,39.758],[141.982,39.734],[141.98,39.707],[141.967,39.69],[141.98,39.673],[141.97,39.653],[141.976,39.629],[141.963,39.613],[141.946,39.599],[141.971,39.604],[141.988,39.618],[142.001,39.635],[142.014,39.652],[142.025,39.633],[142.032,39.61],[142.029,39.583],[142.05,39.573],[142.068,39.561],[142.066,39.534],[142.038,39.532],[142.028,39.511],[142.012,39.497],[141.999,39.48],[141.969,39.48],[141.957,39.462],[141.972,39.447],[142.001,39.448],[142.012,39.467],[142.031,39.478],[142.057,39.473],[142.048,39.452],[142.042,39.428],[142.015,39.425],[141.998,39.412],[141.98,39.424],[141.963,39.411],[141.949,39.395],[141.961,39.377],[141.953,39.354],[141.923,39.354],[141.907,39.341],[141.928,39.332],[141.952,39.338],[141.979,39.342],[141.972,39.318],[141.945,39.315],[141.921,39.309],[141.894,39.306],[141.908,39.29],[141.925,39.277],[141.9,39.272],[141.894,39.249],[141.915,39.24],[141.939,39.245],[141.964,39.251],[141.945,39.24],[141.932,39.222],[141.913,39.211],[141.892,39.202],[141.869,39.196],[141.887,39.185],[141.915,39.187],[141.905,39.167],[141.886,39.156],[141.856,39.155],[141.836,39.146],[141.855,39.135],[141.871,39.121],[141.899,39.119],[141.918,39.107],[141.898,39.097],[141.881,39.084],[141.864,39.097],[141.841,39.104],[141.82,39.114],[141.811,39.093],[141.823,39.075],[141.851,39.073],[141.873,39.065],[141.85,39.059],[141.82,39.059],[141.833,39.042],[141.851,39.03],[141.825,39.027],[141.796,39.028],[141.771,39.033],[141.755,39.019],[141.73,39.024],[141.737,39.047],[141.73,39.071],[141.724,39.046],[141.712,39.027],[141.729,39.014],[141.742,38.997],[141.713,38.998],[141.704,38.977],[141.721,38.964],[141.71,38.945],[141.691,38.956],[141.676,38.971],[141.681,38.997],[141.657,39.004],[141.628,39.002],[141.631,38.975],[141.632,38.971]]]}},{"type":"Feature","properties":{"name":"宮古島・八重山地方"},"geometry":{"type":"MultiLineString","coordinates":[[[123.787,24.072],[123.81,24.064],[123.796,24.048],[123.767,24.048],[123.774,24.07],[123.787,24.072]],[[123.951,24.243],[123.938,24.225],[123.951,24.243]],[[124.004,24.254],[124.027,24.247],[124.019,24.225],[123.997,24.233],[124.004,24.254]],[[124.087,24.34],[124.101,24.324],[124.082,24.313],[124.084,24.34],[124.087,24.34]],[[123.974,24.355],[123.99,24.34],[123.967,24.333],[123.974,24.355]],[[123.782,24.437],[123.798,24.424],[123.813,24.408],[123.839,24.404],[123.861,24.395],[123.883,24.388],[123.908,24.383],[123.922,24.367],[123.936,24.351],[123.93,24.327],[123.909,24.318],[123.902,24.295],[123.887,24.28],[123.88,24.256],[123.855,24.261],[123.834,24.272],[123.806,24.27],[123.783,24.276],[123.756,24.28],[123.739,24.292],[123.72,24.281],[123.691,24.282],[123.672,24.293],[123.686,24.31],[123.7,24.326],[123.719,24.337],[123.738,24.325],[123.747,24.345],[123.751,24.372],[123.753,24.4],[123.766,24.417],[123.777,24.436],[123.782,24.437]],[[122.998,24.475],[123.023,24.47],[123.019,24.444],[122.992,24.441],[122.964,24.438],[122.94,24.444],[122.954,24.461],[122.976,24.468],[123.003,24.472],[122.998,24.475]],[[124.316,24.612],[124.339,24.605],[124.337,24.577],[124.323,24.561],[124.306,24.548],[124.302,24.523],[124.285,24.509],[124.276,24.488],[124.259,24.475],[124.251,24.453],[124.253,24.425],[124.252,24.395],[124.25,24.368],[124.24,24.347],[124.217,24.355],[124.2,24.342],[124.181,24.331],[124.157,24.338],[124.142,24.352],[124.119,24.36],[124.13,24.379],[124.14,24.4],[124.132,24.422],[124.111,24.431],[124.089,24.424],[124.072,24.437],[124.087,24.452],[124.109,24.444],[124.119,24.464],[124.139,24.454],[124.166,24.451],[124.19,24.457],[124.217,24.454],[124.223,24.478],[124.234,24.498],[124.25,24.512],[124.274,24.506],[124.284,24.527],[124.294,24.546],[124.299,24.572],[124.31,24.591],[124.316,24.612]],[[124.711,24.677],[124.727,24.664],[124.717,24.644],[124.693,24.638],[124.673,24.648],[124.68,24.671],[124.706,24.676],[124.711,24.677]],[[125.242,24.732],[125.257,24.717],[125.24,24.73],[125.242,24.732]],[[125.14,24.845],[125.158,24.832],[125.172,24.816],[125.153,24.805],[125.14,24.822],[125.14,24.845]],[[125.163,24.865],[125.185,24.857],[125.205,24.847],[125.218,24.83],[125.212,24.806],[125.186,24.81],[125.168,24.822],[125.159,24.843],[125.163,24.865]],[[125.267,24.915],[125.279,24.896],[125.293,24.878],[125.306,24.861],[125.313,24.838],[125.331,24.825],[125.337,24.8],[125.356,24.789],[125.384,24.787],[125.399,24.772],[125.42,24.762],[125.441,24.753],[125.454,24.736],[125.468,24.72],[125.444,24.726],[125.416,24.728],[125.387,24.728],[125.36,24.725],[125.336,24.719],[125.312,24.712],[125.298,24.729],[125.27,24.731],[125.257,24.748],[125.284,24.752],[125.276,24.774],[125.258,24.786],[125.271,24.803],[125.281,24.824],[125.296,24.839],[125.286,24.859],[125.275,24.878],[125.265,24.898],[125.267,24.915]],[[123.476,25.752],[123.463,25.735],[123.476,25.752],[123.476,25.752]]]}},{"type":"Feature","properties":{"name":"宮崎県"},"geometry":{"type":"MultiLineString","coordinates":[[[131.411,31.542],[131.416,31.518],[131.409,31.54],[131.411,31.542]],[[131.886,32.746],[131.866,32.735],[131.85,32.721],[131.847,32.694],[131.826,32.704],[131.813,32.686],[131.793,32.676],[131.772,32.667],[131.764,32.645],[131.763,32.615],[131.747,32.601],[131.728,32.591],[131.706,32.583],[131.693,32.566],[131.683,32.545],[131.689,32.521],[131.712,32.513],[131.726,32.498],[131.712,32.482],[131.695,32.47],[131.678,32.484],[131.657,32.475],[131.656,32.446],[131.679,32.44],[131.659,32.43],[131.686,32.427],[131.669,32.414],[131.644,32.408],[131.635,32.387],[131.627,32.365],[131.621,32.34],[131.605,32.327],[131.593,32.308],[131.584,32.288],[131.576,32.265],[131.573,32.238],[131.563,32.218],[131.556,32.195],[131.55,32.171],[131.541,32.149],[131.537,32.123],[131.527,32.103],[131.518,32.081],[131.511,32.058],[131.502,32.037],[131.494,32.015],[131.487,31.992],[131.48,31.969],[131.472,31.946],[131.467,31.922],[131.456,31.902],[131.475,31.914],[131.463,31.896],[131.456,31.873],[131.452,31.846],[131.455,31.819],[131.47,31.803],[131.483,31.786],[131.476,31.762],[131.471,31.738],[131.46,31.718],[131.464,31.693],[131.453,31.674],[131.463,31.654],[131.458,31.628],[131.441,31.615],[131.42,31.606],[131.409,31.587],[131.398,31.568],[131.382,31.554],[131.382,31.525],[131.387,31.499],[131.377,31.479],[131.362,31.464],[131.371,31.442],[131.363,31.42],[131.342,31.411],[131.333,31.39],[131.347,31.375],[131.327,31.364],[131.315,31.383],[131.285,31.383],[131.257,31.381],[131.241,31.395],[131.245,31.42],[131.226,31.432],[131.209,31.445],[131.19,31.456],[131.163,31.46],[131.16,31.462]]]}},{"type":"Feature","properties":{"name":"宮城県"},"geometry":{"type":"MultiLineString","coordinates":[[[141.47,38.284],[141.487,38.271],[141.497,38.25],[141.474,38.257],[141.46,38.273],[141.47,38.284]],[[141.416,38.312],[141.428,38.294],[141.41,38.306],[141.416,38.312]],[[141.567,38.314],[141.586,38.303],[141.583,38.275],[141.559,38.281],[141.549,38.301],[141.566,38.313],[141.567,38.314]],[[141.15,38.357],[141.167,38.343],[141.178,38.324],[141.15,38.327],[141.132,38.338],[141.145,38.355],[141.15,38.357]],[[141.518,38.466],[141.531,38.449],[141.517,38.464],[141.518,38.466]],[[141.624,38.885],[141.626,38.857],[141.606,38.867],[141.622,38.881],[141.624,38.885]],[[141.632,38.971],[141.639,38.948],[141.645,38.923],[141.653,38.901],[141.665,38.884],[141.675,38.863],[141.651,38.869],[141.638,38.887],[141.613,38.882],[141.595,38.894],[141.579,38.907],[141.594,38.89],[141.586,38.868],[141.589,38.841],[141.577,38.822],[141.558,38.812],[141.542,38.797],[141.52,38.788],[141.522,38.76],[141.54,38.747],[141.559,38.737],[141.565,38.712],[141.538,38.709],[141.519,38.698],[141.497,38.69],[141.482,38.675],[141.456,38.67],[141.444,38.652],[141.468,38.646],[141.497,38.644],[141.521,38.637],[141.525,38.611],[141.504,38.602],[141.489,38.587],[141.464,38.581],[141.475,38.561],[141.486,38.542],[141.508,38.533],[141.525,38.546],[141.538,38.53],[141.542,38.503],[141.525,38.49],[141.514,38.509],[141.489,38.514],[141.492,38.487],[141.48,38.469],[141.501,38.461],[141.494,38.437],[141.467,38.44],[141.471,38.414],[141.5,38.416],[141.512,38.398],[141.538,38.401],[141.521,38.389],[141.497,38.382],[141.515,38.37],[141.524,38.349],[141.528,38.322],[141.54,38.305],[141.525,38.289],[141.501,38.295],[141.484,38.308],[141.459,38.313],[141.474,38.329],[141.463,38.349],[141.438,38.343],[141.418,38.353],[141.435,38.366],[141.458,38.373],[141.438,38.382],[141.421,38.396],[141.395,38.391],[141.373,38.383],[141.368,38.408],[141.343,38.413],[141.317,38.408],[141.295,38.4],[141.264,38.398],[141.277,38.415],[141.255,38.407],[141.23,38.401],[141.209,38.392],[141.188,38.383],[141.169,38.372],[141.157,38.354],[141.132,38.36],[141.123,38.38],[141.104,38.369],[141.087,38.382],[141.068,38.37],[141.057,38.351],[141.037,38.341],[141.027,38.321],[141.047,38.311],[141.067,38.322],[141.082,38.307],[141.068,38.291],[141.052,38.278],[141.026,38.273],[140.998,38.27],[141.027,38.268],[141.013,38.251],[140.999,38.235],[140.987,38.217],[140.974,38.2],[140.963,38.18],[140.955,38.159],[140.945,38.139],[140.937,38.117],[140.929,38.094],[140.924,38.069],[140.922,38.041],[140.918,38.015],[140.915,37.988],[140.916,37.959],[140.92,37.933],[140.925,37.908],[140.931,37.896]]]}},{"type":"Feature","properties":{"name":"熊本県天草灘沿岸"},"geometry":{"type":"MultiLineString","coordinates":[[[130.029,32.191],[130.042,32.174],[130.023,32.163],[130.026,32.19],[130.029,32.191]],[[130.154,32.322],[130.141,32.305],[130.165,32.299],[130.15,32.284],[130.124,32.28],[130.109,32.265],[130.093,32.25],[130.078,32.234],[130.071,32.212],[130.048,32.204],[130.028,32.194],[130.002,32.19],[129.997,32.215],[130.013,32.229],[129.994,32.24],[129.967,32.243],[129.978,32.263],[129.991,32.28],[130.008,32.293],[130.03,32.285],[130.042,32.303],[130.051,32.282],[130.067,32.296],[130.051,32.31],[130.026,32.315],[130.003,32.309],[129.987,32.322],[129.979,32.345],[129.984,32.37],[129.994,32.39],[130.004,32.41],[130.012,32.433],[130.025,32.45],[130.037,32.468],[130.046,32.489],[130.037,32.51],[130.021,32.524],[130.043,32.516],[130.07,32.519],[130.09,32.529],[130.108,32.541],[130.133,32.546],[130.159,32.551],[130.188,32.549],[130.194,32.524],[130.197,32.504]]]}},{"type":"Feature","properties":{"name":"広島県"},"geometry":{"type":"MultiLineString","coordinates":[[[132.533,34.074],[132.531,34.047],[132.533,34.074],[132.533,34.074]],[[132.795,34.168],[132.771,34.174],[132.786,34.189],[132.797,34.17],[132.795,34.168]],[[132.385,34.177],[132.406,34.168],[132.398,34.146],[132.383,34.162],[132.385,34.177]],[[132.828,34.187],[132.849,34.196],[132.863,34.18],[132.85,34.163],[132.829,34.154],[132.802,34.158],[132.811,34.179],[132.828,34.187]],[[132.296,34.199],[132.319,34.191],[132.295,34.198],[132.296,34.199]],[[132.535,34.2],[132.552,34.187],[132.541,34.168],[132.521,34.158],[132.544,34.15],[132.54,34.123],[132.571,34.123],[132.588,34.111],[132.568,34.101],[132.556,34.083],[132.543,34.099],[132.519,34.093],[132.491,34.091],[132.467,34.085],[132.448,34.096],[132.458,34.115],[132.479,34.125],[132.499,34.135],[132.493,34.16],[132.501,34.182],[132.52,34.194],[132.535,34.2]],[[132.675,34.202],[132.674,34.173],[132.646,34.171],[132.654,34.193],[132.675,34.202],[132.675,34.202]],[[132.712,34.204],[132.735,34.197],[132.76,34.191],[132.755,34.165],[132.732,34.172],[132.71,34.181],[132.687,34.187],[132.7,34.204],[132.712,34.204]],[[132.931,34.285],[132.933,34.256],[132.92,34.237],[132.915,34.212],[132.887,34.21],[132.858,34.209],[132.843,34.223],[132.851,34.245],[132.877,34.249],[132.902,34.254],[132.914,34.272],[132.931,34.285]],[[132.48,34.296],[132.492,34.279],[132.493,34.249],[132.491,34.222],[132.483,34.2],[132.472,34.18],[132.485,34.163],[132.477,34.142],[132.454,34.134],[132.43,34.129],[132.442,34.147],[132.445,34.174],[132.422,34.182],[132.413,34.202],[132.396,34.216],[132.388,34.239],[132.374,34.255],[132.399,34.261],[132.424,34.256],[132.436,34.237],[132.459,34.23],[132.47,34.212],[132.478,34.235],[132.462,34.249],[132.433,34.251],[132.445,34.269],[132.457,34.287],[132.478,34.296],[132.48,34.296]],[[132.334,34.311],[132.346,34.294],[132.337,34.273],[132.319,34.26],[132.304,34.245],[132.284,34.235],[132.268,34.249],[132.28,34.267],[132.29,34.287],[132.311,34.297],[132.33,34.307],[132.334,34.311]],[[133.133,34.317],[133.149,34.302],[133.138,34.283],[133.116,34.274],[133.1,34.26],[133.071,34.261],[133.074,34.288],[133.084,34.308],[133.111,34.311],[133.133,34.317]],[[132.441,34.326],[132.443,34.298],[132.415,34.3],[132.431,34.315],[132.441,34.326]],[[133.079,34.333],[133.083,34.307],[133.063,34.317],[133.076,34.334],[133.079,34.333]],[[133.436,34.351],[133.455,34.339],[133.429,34.343],[133.436,34.351]],[[133.286,34.358],[133.279,34.335],[133.286,34.358],[133.286,34.358]],[[133.152,34.359],[133.177,34.354],[133.189,34.336],[133.203,34.32],[133.193,34.3],[133.185,34.278],[133.17,34.294],[133.152,34.306],[133.142,34.326],[133.148,34.349],[133.152,34.359]],[[133.117,34.36],[133.125,34.338],[133.115,34.319],[133.095,34.33],[133.104,34.35],[133.117,34.36]],[[133.319,34.373],[133.341,34.363],[133.32,34.353],[133.301,34.342],[133.305,34.37],[133.319,34.373]],[[133.261,34.384],[133.277,34.37],[133.259,34.382],[133.261,34.384]],[[133.215,34.409],[133.237,34.401],[133.224,34.383],[133.214,34.363],[133.19,34.357],[133.176,34.373],[133.183,34.396],[133.204,34.405],[133.215,34.409]],[[133.447,34.48],[133.446,34.452],[133.42,34.456],[133.413,34.479],[133.416,34.452],[133.435,34.439],[133.407,34.437],[133.391,34.422],[133.382,34.401],[133.376,34.377],[133.355,34.368],[133.337,34.38],[133.311,34.384],[133.285,34.389],[133.26,34.394],[133.273,34.412],[133.266,34.435],[133.245,34.425],[133.229,34.411],[133.202,34.408],[133.181,34.399],[133.156,34.394],[133.134,34.386],[133.107,34.389],[133.087,34.378],[133.082,34.353],[133.06,34.345],[133.042,34.332],[133.015,34.329],[132.993,34.337],[132.963,34.337],[132.938,34.332],[132.912,34.328],[132.887,34.322],[132.872,34.308],[132.853,34.296],[132.835,34.308],[132.811,34.315],[132.795,34.301],[132.786,34.28],[132.759,34.282],[132.767,34.26],[132.757,34.241],[132.727,34.24],[132.701,34.236],[132.685,34.222],[132.659,34.217],[132.643,34.203],[132.622,34.212],[132.606,34.227],[132.591,34.211],[132.571,34.201],[132.547,34.195],[132.538,34.216],[132.553,34.231],[132.54,34.248],[132.517,34.256],[132.515,34.284],[132.503,34.303],[132.504,34.333],[132.516,34.356],[132.488,34.354],[132.459,34.352],[132.431,34.354],[132.406,34.362],[132.376,34.36],[132.35,34.356],[132.337,34.338],[132.319,34.326],[132.304,34.31],[132.287,34.297],[132.272,34.282],[132.254,34.27],[132.235,34.259],[132.227,34.235],[132.243,34.221],[132.246,34.211]]]}},{"type":"Feature","properties":{"name":"香川県"},"geometry":{"type":"MultiLineString","coordinates":[[[133.598,34.044],[133.623,34.049],[133.634,34.069],[133.636,34.097],[133.632,34.123],[133.642,34.144],[133.647,34.169],[133.642,34.194],[133.63,34.212],[133.611,34.223],[133.594,34.237],[133.578,34.251],[133.558,34.261],[133.588,34.261],[133.608,34.252],[133.622,34.236],[133.65,34.233],[133.669,34.243],[133.695,34.237],[133.714,34.248],[133.731,34.261],[133.747,34.275],[133.766,34.286],[133.782,34.3],[133.804,34.31],[133.822,34.322],[133.82,34.35],[133.841,34.361],[133.829,34.343],[133.847,34.355],[133.837,34.334],[133.862,34.329],[133.877,34.344],[133.892,34.359],[133.905,34.378],[133.926,34.387],[133.945,34.375],[133.964,34.365],[133.991,34.361],[134.017,34.357],[134.043,34.353],[134.063,34.363],[134.082,34.351],[134.092,34.371],[134.113,34.362],[134.124,34.383],[134.139,34.399],[134.159,34.389],[134.159,34.36],[134.16,34.331],[134.188,34.333],[134.207,34.344],[134.232,34.339],[134.25,34.351],[134.265,34.337],[134.258,34.314],[134.259,34.284],[134.283,34.278],[134.31,34.275],[134.328,34.262],[134.348,34.252],[134.377,34.254],[134.398,34.244],[134.409,34.226],[134.427,34.213],[134.44,34.208]],[[133.627,34.287],[133.645,34.275],[133.629,34.261],[133.623,34.286],[133.627,34.287]],[[133.664,34.326],[133.682,34.314],[133.662,34.323],[133.664,34.326]],[[133.71,34.399],[133.725,34.383],[133.714,34.364],[133.692,34.357],[133.698,34.381],[133.709,34.4],[133.71,34.399]],[[133.778,34.401],[133.795,34.389],[133.776,34.377],[133.755,34.386],[133.774,34.397],[133.778,34.401]],[[134.054,34.409],[134.046,34.387],[134.054,34.409],[134.054,34.409]],[[133.672,34.411],[133.667,34.385],[133.656,34.404],[133.672,34.411]],[[133.97,34.478],[133.99,34.467],[134.003,34.451],[133.974,34.452],[133.966,34.473],[133.97,34.478]],[[134.086,34.499],[134.104,34.488],[134.091,34.47],[134.061,34.47],[134.039,34.478],[134.059,34.489],[134.08,34.498],[134.086,34.499]],[[134.024,34.506],[134.021,34.479],[134.009,34.497],[134.008,34.498]],[[134.347,34.565],[134.351,34.539],[134.356,34.514],[134.348,34.491],[134.349,34.462],[134.336,34.445],[134.318,34.457],[134.296,34.45],[134.315,34.46],[134.303,34.478],[134.279,34.471],[134.262,34.458],[134.251,34.439],[134.243,34.417],[134.233,34.437],[134.242,34.458],[134.232,34.478],[134.206,34.482],[134.182,34.475],[134.164,34.463],[134.141,34.47],[134.153,34.488],[134.166,34.504],[134.172,34.529],[134.192,34.519],[134.216,34.525],[134.24,34.531],[134.257,34.544],[134.285,34.547],[134.308,34.554],[134.329,34.564],[134.347,34.565]]]}},{"type":"Feature","properties":{"name":"佐賀県北部"},"geometry":{"type":"MultiLineString","coordinates":[[[129.791,33.34],[129.808,33.327],[129.821,33.311],[129.833,33.292],[129.839,33.316],[129.828,33.336],[129.844,33.351],[129.857,33.368],[129.868,33.388],[129.861,33.412],[129.832,33.414],[129.815,33.427],[129.799,33.442],[129.795,33.468],[129.814,33.48],[129.831,33.466],[129.842,33.448],[129.857,33.465],[129.835,33.473],[129.834,33.501],[129.856,33.509],[129.84,33.524],[129.848,33.546],[129.869,33.537],[129.883,33.521],[129.895,33.539],[129.921,33.543],[129.94,33.532],[129.956,33.518],[129.948,33.496],[129.954,33.471],[129.968,33.455],[129.992,33.449],[130.019,33.446],[130.04,33.456],[130.039,33.47]],[[129.882,33.568],[129.876,33.544],[129.882,33.568],[129.882,33.568]],[[129.761,33.583],[129.741,33.573],[129.761,33.583]],[[129.863,33.618],[129.866,33.591],[129.852,33.607],[129.863,33.618]]]}},{"type":"Feature","properties":{"name":"佐渡"},"geometry":{"type":"MultiLineString","coordinates":[[[138.503,38.332],[138.518,38.317],[138.509,38.297],[138.51,38.268],[138.504,38.243],[138.494,38.224],[138.487,38.2],[138.477,38.18],[138.462,38.164],[138.45,38.146],[138.441,38.126],[138.436,38.1],[138.444,38.078],[138.464,38.067],[138.491,38.069],[138.52,38.071],[138.541,38.08],[138.563,38.088],[138.573,38.068],[138.563,38.047],[138.553,38.027],[138.544,38.006],[138.53,37.99],[138.518,37.971],[138.508,37.951],[138.501,37.928],[138.485,37.914],[138.471,37.898],[138.449,37.89],[138.428,37.88],[138.41,37.868],[138.394,37.854],[138.377,37.842],[138.357,37.831],[138.333,37.825],[138.304,37.827],[138.284,37.816],[138.264,37.806],[138.236,37.808],[138.214,37.817],[138.224,37.837],[138.25,37.842],[138.271,37.85],[138.283,37.869],[138.29,37.892],[138.285,37.916],[138.3,37.931],[138.317,37.944],[138.333,37.959],[138.332,37.988],[138.315,38.001],[138.291,38.007],[138.273,37.994],[138.259,37.977],[138.23,37.978],[138.234,38.004],[138.222,38.022],[138.236,38.038],[138.238,38.066],[138.245,38.089],[138.261,38.103],[138.272,38.122],[138.29,38.134],[138.302,38.152],[138.313,38.171],[138.324,38.19],[138.343,38.201],[138.362,38.212],[138.377,38.228],[138.394,38.241],[138.412,38.252],[138.435,38.26],[138.442,38.283],[138.452,38.303],[138.461,38.323],[138.485,38.33],[138.503,38.332]]]}},{"type":"Feature","properties":{"name":"三重県南部"},"geometry":{"type":"MultiLineString","coordinates":[[[136.904,34.503],[136.893,34.484],[136.904,34.503],[136.904,34.503]],[[136.899,34.539],[136.888,34.519],[136.867,34.51],[136.877,34.53],[136.898,34.539],[136.899,34.539]],[[136.66,34.566],[136.678,34.554],[136.7,34.546],[136.725,34.54],[136.744,34.529],[136.761,34.516],[136.784,34.509],[136.811,34.506],[136.82,34.484],[136.828,34.506],[136.842,34.489],[136.863,34.481],[136.87,34.458],[136.881,34.438],[136.896,34.453],[136.92,34.446],[136.924,34.42],[136.913,34.401],[136.908,34.376],[136.89,34.388],[136.876,34.371],[136.847,34.372],[136.824,34.365],[136.851,34.369],[136.869,34.357],[136.891,34.365],[136.881,34.345],[136.885,34.318],[136.891,34.294],[136.881,34.274],[136.862,34.263],[136.848,34.247],[136.822,34.251],[136.796,34.255],[136.77,34.259],[136.751,34.27],[136.773,34.278],[136.799,34.275],[136.825,34.271],[136.849,34.263],[136.831,34.275],[136.849,34.287],[136.831,34.299],[136.847,34.312],[136.817,34.313],[136.793,34.308],[136.778,34.292],[136.768,34.312],[136.756,34.294],[136.734,34.302],[136.712,34.294],[136.691,34.285],[136.696,34.311],[136.707,34.33],[136.724,34.342],[136.698,34.347],[136.686,34.328],[136.672,34.344],[136.659,34.326],[136.642,34.313],[136.669,34.316],[136.656,34.299],[136.639,34.286],[136.621,34.274],[136.606,34.26],[136.583,34.267],[136.595,34.284],[136.568,34.287],[136.558,34.267],[136.539,34.256],[136.525,34.272],[136.507,34.26],[136.519,34.242],[136.502,34.255],[136.486,34.241],[136.507,34.233],[136.487,34.223],[136.467,34.232],[136.453,34.248],[136.46,34.225],[136.434,34.22],[136.414,34.21],[136.392,34.218],[136.378,34.202],[136.355,34.196],[136.328,34.199],[136.318,34.18],[136.296,34.172],[136.278,34.16],[136.28,34.132],[136.291,34.113],[136.298,34.09],[136.274,34.084],[136.26,34.099],[136.27,34.12],[136.248,34.11],[136.228,34.1],[136.219,34.08],[136.233,34.065],[136.245,34.046],[136.261,34.032],[136.281,34.022],[136.262,34.011],[136.27,33.989],[136.262,33.967],[136.237,33.972],[136.225,33.991],[136.208,33.977],[136.226,33.965],[136.22,33.941],[136.191,33.94],[136.184,33.916],[136.166,33.928],[136.151,33.912],[136.134,33.899],[136.114,33.889],[136.095,33.879],[136.081,33.863],[136.069,33.845],[136.057,33.826],[136.047,33.807],[136.038,33.785],[136.028,33.765],[136.021,33.741],[136.012,33.723]]]}},{"type":"Feature","properties":{"name":"山形県"},"geometry":{"type":"MultiLineString","coordinates":[[[139.548,38.553],[139.556,38.575],[139.565,38.596],[139.578,38.613],[139.589,38.632],[139.6,38.651],[139.611,38.67],[139.626,38.686],[139.648,38.693],[139.663,38.708],[139.683,38.719],[139.697,38.735],[139.71,38.752],[139.729,38.763],[139.747,38.775],[139.758,38.794],[139.768,38.814],[139.778,38.835],[139.787,38.856],[139.795,38.878],[139.803,38.9],[139.809,38.925],[139.814,38.95],[139.835,38.958],[139.84,38.984],[139.848,39.006],[139.857,39.028],[139.866,39.049],[139.87,39.075],[139.879,39.096],[139.869,39.116],[139.87,39.118]],[[139.821,38.966],[139.804,38.95],[139.82,38.964],[139.821,38.966]],[[139.55,39.209],[139.546,39.183],[139.55,39.209]]]}},{"type":"Feature","properties":{"name":"山口県瀬戸内海沿岸"},"geometry":{"type":"MultiLineString","coordinates":[[[132.151,33.764],[132.146,33.738],[132.139,33.715],[132.141,33.744],[132.151,33.764],[132.151,33.764]],[[131.971,33.798],[131.991,33.788],[131.974,33.774],[131.948,33.778],[131.962,33.794],[131.971,33.798]],[[132.209,33.817],[132.229,33.807],[132.249,33.796],[132.262,33.779],[132.236,33.783],[132.211,33.789],[132.197,33.804],[132.175,33.795],[132.194,33.808],[132.209,33.817]],[[132.071,33.858],[132.088,33.845],[132.11,33.835],[132.089,33.826],[132.075,33.81],[132.058,33.797],[132.038,33.787],[132.055,33.8],[132.066,33.819],[132.081,33.835],[132.068,33.852],[132.071,33.858]],[[132.017,33.871],[132.002,33.856],[132.017,33.871],[132.017,33.871]],[[132.234,33.968],[132.25,33.954],[132.28,33.954],[132.293,33.937],[132.305,33.919],[132.32,33.903],[132.348,33.905],[132.363,33.92],[132.387,33.927],[132.402,33.941],[132.42,33.953],[132.441,33.943],[132.468,33.946],[132.451,33.933],[132.427,33.926],[132.411,33.912],[132.384,33.915],[132.366,33.902],[132.369,33.875],[132.345,33.868],[132.333,33.886],[132.309,33.892],[132.289,33.902],[132.27,33.89],[132.253,33.877],[132.226,33.875],[132.21,33.86],[132.201,33.881],[132.184,33.894],[132.176,33.917],[132.189,33.934],[132.204,33.949],[132.224,33.959],[132.234,33.968]],[[130.918,33.938],[130.913,33.911],[130.912,33.911]],[[131.858,33.99],[131.873,33.975],[131.86,33.958],[131.844,33.944],[131.827,33.931],[131.806,33.94],[131.819,33.958],[131.844,33.953],[131.853,33.974],[131.858,33.99]],[[132.415,34.03],[132.43,34.016],[132.404,34.019],[132.415,34.03]],[[131.586,34.024],[131.584,33.996],[131.559,33.991],[131.568,34.012],[131.586,34.024],[131.586,34.024]],[[131.709,34.035],[131.711,34.007],[131.723,33.989],[131.704,34.0],[131.705,34.029],[131.709,34.035]],[[131.773,34.05],[131.76,34.033],[131.741,34.022],[131.755,34.038],[131.773,34.05],[131.773,34.05]],[[132.246,34.211],[132.233,34.193],[132.245,34.175],[132.251,34.151],[132.24,34.131],[132.215,34.126],[132.2,34.111],[132.208,34.089],[132.209,34.06],[132.22,34.04],[132.217,34.014],[132.206,33.994],[132.195,33.974],[132.177,33.962],[132.152,33.956],[132.128,33.95],[132.127,33.921],[132.131,33.895],[132.143,33.876],[132.157,33.861],[132.149,33.839],[132.123,33.835],[132.117,33.859],[132.109,33.881],[132.088,33.89],[132.073,33.905],[132.046,33.909],[132.018,33.907],[131.998,33.917],[131.981,33.93],[131.964,33.943],[131.936,33.947],[131.922,33.963],[131.901,33.973],[131.881,33.983],[131.868,34.0],[131.847,34.01],[131.826,34.001],[131.807,33.99],[131.817,33.97],[131.794,33.977],[131.795,34.007],[131.814,34.018],[131.806,34.039],[131.787,34.028],[131.796,34.048],[131.771,34.054],[131.748,34.046],[131.758,34.067],[131.733,34.061],[131.709,34.056],[131.68,34.055],[131.663,34.042],[131.638,34.047],[131.621,34.034],[131.591,34.033],[131.576,34.018],[131.558,34.005],[131.533,33.999],[131.509,34.005],[131.497,34.025],[131.478,34.035],[131.473,34.01],[131.462,33.991],[131.44,33.983],[131.431,34.005],[131.409,33.997],[131.416,34.021],[131.394,34.029],[131.386,34.051],[131.377,34.029],[131.373,34.003],[131.36,33.986],[131.35,33.966],[131.333,33.953],[131.307,33.949],[131.288,33.937],[131.27,33.924],[131.245,33.919],[131.242,33.947],[131.225,33.935],[131.227,33.962],[131.21,33.949],[131.189,33.94],[131.165,33.947],[131.173,33.969],[131.162,33.989],[131.146,34.004],[131.118,34.007],[131.107,34.026],[131.087,34.036],[131.061,34.04],[131.044,34.053],[131.028,34.038],[131.019,34.018],[131.005,34.001],[130.99,33.985],[130.972,33.974],[130.954,33.962],[130.936,33.948],[130.918,33.938]]]}},{"type":"Feature","properties":{"name":"山口県日本海沿岸"},"geometry":{"type":"MultiLineString","coordinates":[[[130.912,33.911],[130.899,33.929],[130.882,33.942],[130.903,33.951],[130.918,33.938]],[[130.918,33.938],[130.914,33.964],[130.91,33.99],[130.916,34.013],[130.912,34.04],[130.907,34.064],[130.886,34.073],[130.872,34.089],[130.861,34.109],[130.866,34.134],[130.895,34.135],[130.906,34.154],[130.923,34.167],[130.933,34.188],[130.927,34.212],[130.922,34.238],[130.906,34.251],[130.892,34.268],[130.875,34.28],[130.885,34.3],[130.896,34.32],[130.89,34.344],[130.901,34.363],[130.921,34.353],[130.951,34.354],[130.974,34.361],[130.994,34.371],[131.021,34.375],[131.017,34.401],[130.988,34.4],[130.964,34.406],[130.951,34.388],[130.958,34.411],[130.971,34.429],[131.0,34.43],[131.012,34.412],[131.041,34.411],[131.062,34.42],[131.092,34.42],[131.112,34.41],[131.137,34.404],[131.143,34.381],[131.164,34.372],[131.186,34.381],[131.199,34.398],[131.206,34.374],[131.224,34.386],[131.249,34.382],[131.271,34.39],[131.292,34.38],[131.314,34.388],[131.327,34.405],[131.346,34.416],[131.376,34.415],[131.399,34.423],[131.417,34.436],[131.398,34.447],[131.422,34.453],[131.433,34.473],[131.455,34.48],[131.467,34.498],[131.453,34.514],[131.465,34.532],[131.494,34.532],[131.51,34.545],[131.527,34.558],[131.545,34.57],[131.552,34.594],[131.559,34.617],[131.58,34.625],[131.606,34.63],[131.591,34.646],[131.605,34.662],[131.633,34.664],[131.643,34.644],[131.662,34.656],[131.671,34.677],[131.691,34.681]],[[130.779,34.115],[130.796,34.103],[130.775,34.112],[130.779,34.115]],[[130.867,34.374],[130.878,34.355],[130.854,34.349],[130.869,34.364],[130.867,34.374]],[[131.246,34.438],[131.258,34.42],[131.228,34.419],[131.211,34.406],[131.189,34.399],[131.173,34.413],[131.192,34.424],[131.22,34.427],[131.24,34.437],[131.246,34.438]],[[131.131,34.799],[131.15,34.788],[131.162,34.77],[131.143,34.758],[131.13,34.775],[131.131,34.799]]]}},{"type":"Feature","properties":{"name":"鹿児島県西部"},"geometry":{"type":"MultiLineString","coordinates":[[[130.661,30.994],[130.667,31.019],[130.677,31.039],[130.672,31.064],[130.678,31.088],[130.697,31.099],[130.713,31.114],[130.735,31.121],[130.748,31.139],[130.756,31.16],[130.766,31.18],[130.755,31.198],[130.763,31.22],[130.774,31.239],[130.79,31.254],[130.792,31.282],[130.794,31.31],[130.803,31.331],[130.791,31.349],[130.781,31.369],[130.771,31.389],[130.762,31.411],[130.75,31.429],[130.735,31.444],[130.717,31.456],[130.698,31.468],[130.696,31.496],[130.698,31.524],[130.701,31.551],[130.678,31.544],[130.655,31.551],[130.63,31.556],[130.612,31.568],[130.593,31.58],[130.606,31.597],[130.619,31.614],[130.643,31.621],[130.667,31.627],[130.694,31.623],[130.709,31.608],[130.718,31.587],[130.723,31.562],[130.75,31.558],[130.77,31.569],[130.786,31.585],[130.793,31.608],[130.801,31.631],[130.817,31.644],[130.818,31.673],[130.803,31.689],[130.788,31.703],[130.761,31.707],[130.732,31.709],[130.717,31.724],[130.694,31.731],[130.666,31.729],[130.644,31.719],[130.624,31.71],[130.613,31.689],[130.616,31.662],[130.603,31.644],[130.592,31.625],[130.576,31.612],[130.563,31.594],[130.568,31.568],[130.559,31.547],[130.539,31.536],[130.535,31.511],[130.531,31.484],[130.518,31.464],[130.52,31.436],[130.526,31.411],[130.539,31.394],[130.547,31.372],[130.555,31.35],[130.563,31.328],[130.575,31.31],[130.593,31.297],[130.613,31.287],[130.629,31.273],[130.658,31.271],[130.652,31.247],[130.658,31.222],[130.635,31.214],[130.634,31.185],[130.605,31.183],[130.588,31.17],[130.564,31.176],[130.542,31.168],[130.514,31.17],[130.516,31.199],[130.505,31.218],[130.49,31.233],[130.472,31.247],[130.448,31.252],[130.423,31.247],[130.398,31.252],[130.368,31.252],[130.342,31.256],[130.315,31.259],[130.295,31.268],[130.281,31.252],[130.255,31.256],[130.229,31.252],[130.218,31.272],[130.202,31.286],[130.216,31.302],[130.201,31.316],[130.176,31.322],[130.197,31.331],[130.201,31.357],[130.179,31.365],[130.162,31.378],[130.147,31.394],[130.133,31.41],[130.107,31.414],[130.132,31.419],[130.15,31.431],[130.172,31.422],[130.193,31.413],[130.215,31.404],[130.238,31.412],[130.255,31.428],[130.277,31.435],[130.291,31.452],[130.303,31.47],[130.313,31.49],[130.322,31.511],[130.329,31.535],[130.333,31.561],[130.335,31.589],[130.332,31.617],[130.325,31.64],[130.313,31.659],[130.298,31.673],[130.286,31.692],[130.271,31.706],[130.253,31.72],[130.238,31.735],[130.222,31.749],[130.193,31.747],[130.185,31.77],[130.171,31.786],[130.174,31.813],[130.186,31.831],[130.198,31.85],[130.208,31.87],[130.216,31.892],[130.22,31.919],[130.216,31.944],[130.21,31.969],[130.198,31.987],[130.173,31.992],[130.179,32.016],[130.194,32.031],[130.205,32.05],[130.2,32.076],[130.172,32.078],[130.176,32.105],[130.194,32.116],[130.216,32.125],[130.242,32.129],[130.263,32.12],[130.283,32.11],[130.312,32.112],[130.33,32.124],[130.35,32.133],[130.362,32.152],[130.361,32.169]],[[129.447,31.2],[129.438,31.179],[129.446,31.2],[129.447,31.2]],[[129.785,31.791],[129.797,31.773],[129.789,31.751],[129.776,31.733],[129.767,31.712],[129.742,31.707],[129.736,31.683],[129.726,31.664],[129.72,31.639],[129.697,31.632],[129.672,31.637],[129.66,31.655],[129.682,31.663],[129.688,31.687],[129.699,31.706],[129.711,31.724],[129.734,31.731],[129.757,31.738],[129.779,31.747],[129.788,31.767],[129.785,31.791]],[[129.84,31.819],[129.833,31.796],[129.824,31.775],[129.814,31.796],[129.826,31.814],[129.84,31.819]],[[129.852,31.883],[129.87,31.871],[129.885,31.856],[129.904,31.845],[129.909,31.87],[129.939,31.87],[129.93,31.849],[129.927,31.821],[129.902,31.817],[129.881,31.808],[129.863,31.82],[129.849,31.836],[129.859,31.855],[129.844,31.87],[129.834,31.85],[129.834,31.88],[129.852,31.883]],[[130.174,32.229],[130.185,32.211],[130.185,32.181],[130.204,32.17],[130.196,32.148],[130.179,32.135],[130.174,32.11],[130.163,32.09],[130.148,32.105],[130.128,32.115],[130.113,32.13],[130.112,32.159],[130.099,32.176],[130.112,32.194],[130.123,32.213],[130.146,32.205],[130.154,32.228],[130.174,32.229]],[[130.195,32.244],[130.206,32.226],[130.194,32.244],[130.195,32.244]],[[130.187,32.269],[130.177,32.249],[130.17,32.226],[130.171,32.255],[130.187,32.269]],[[130.257,32.306],[130.267,32.287],[130.252,32.272],[130.238,32.256],[130.212,32.26],[130.217,32.285],[130.233,32.299],[130.256,32.306],[130.257,32.306]]]}},{"type":"Feature","properties":{"name":"鹿児島県東部"},"geometry":{"type":"MultiLineString","coordinates":[[[131.112,31.458],[131.094,31.442],[131.107,31.458],[131.112,31.458]],[[131.16,31.462],[131.136,31.468],[131.111,31.473],[131.096,31.458],[131.07,31.453],[131.053,31.44],[131.039,31.423],[131.026,31.406],[131.017,31.384],[131.019,31.356],[131.043,31.35],[131.064,31.341],[131.088,31.335],[131.105,31.322],[131.091,31.305],[131.075,31.292],[131.089,31.276],[131.115,31.28],[131.105,31.259],[131.086,31.249],[131.072,31.233],[131.05,31.225],[131.023,31.228],[131.007,31.214],[131.002,31.189],[130.987,31.174],[130.979,31.152],[130.963,31.138],[130.942,31.129],[130.92,31.121],[130.899,31.111],[130.88,31.101],[130.858,31.093],[130.828,31.092],[130.807,31.084],[130.787,31.073],[130.765,31.065],[130.744,31.057],[130.724,31.046],[130.709,31.031],[130.684,31.025],[130.67,31.009],[130.661,30.994]]]}},{"type":"Feature","properties":{"name":"種子島・屋久島地方"},"geometry":{"type":"MultiLineString","coordinates":[[[130.498,30.469],[130.514,30.455],[130.536,30.447],[130.557,30.438],[130.574,30.426],[130.597,30.418],[130.615,30.406],[130.64,30.401],[130.659,30.39],[130.671,30.372],[130.667,30.346],[130.662,30.321],[130.653,30.299],[130.636,30.286],[130.62,30.272],[130.605,30.257],[130.588,30.244],[130.565,30.237],[130.541,30.231],[130.512,30.232],[130.482,30.232],[130.455,30.235],[130.435,30.245],[130.424,30.264],[130.413,30.283],[130.407,30.307],[130.392,30.322],[130.384,30.344],[130.379,30.369],[130.386,30.392],[130.412,30.396],[130.432,30.406],[130.444,30.424],[130.463,30.435],[130.469,30.459],[130.494,30.455],[130.498,30.469]],[[130.147,30.49],[130.169,30.483],[130.19,30.473],[130.219,30.474],[130.239,30.464],[130.257,30.451],[130.241,30.436],[130.224,30.424],[130.202,30.432],[130.189,30.45],[130.17,30.461],[130.156,30.477],[130.147,30.49]],[[130.858,30.766],[130.866,30.745],[130.855,30.726],[130.842,30.744],[130.853,30.763],[130.858,30.766]],[[130.304,30.808],[130.321,30.796],[130.304,30.782],[130.276,30.78],[130.286,30.799],[130.304,30.808]],[[131.057,30.84],[131.064,30.817],[131.073,30.796],[131.072,30.767],[131.072,30.737],[131.074,30.708],[131.065,30.687],[131.055,30.667],[131.059,30.641],[131.056,30.614],[131.045,30.594],[131.035,30.575],[131.024,30.556],[131.001,30.549],[130.991,30.529],[130.979,30.51],[130.97,30.489],[130.967,30.463],[130.975,30.441],[130.968,30.417],[130.981,30.4],[130.964,30.387],[130.946,30.374],[130.92,30.37],[130.899,30.361],[130.884,30.345],[130.865,30.356],[130.862,30.383],[130.866,30.409],[130.859,30.432],[130.853,30.455],[130.872,30.466],[130.882,30.486],[130.9,30.499],[130.912,30.516],[130.924,30.534],[130.936,30.553],[130.946,30.574],[130.951,30.598],[130.95,30.628],[130.942,30.65],[130.946,30.677],[130.961,30.691],[130.974,30.709],[130.99,30.723],[130.999,30.745],[131.009,30.765],[131.012,30.792],[131.026,30.808],[131.041,30.823],[131.055,30.839],[131.057,30.84]],[[130.428,30.82],[130.446,30.808],[130.417,30.809],[130.428,30.82]],[[129.939,30.851],[129.955,30.838],[129.947,30.816],[129.918,30.817],[129.905,30.834],[129.923,30.847],[129.939,30.851]]]}},{"type":"Feature","properties":{"name":"秋田県"},"geometry":{"type":"MultiLineString","coordinates":[[[139.87,39.118],[139.885,39.133],[139.894,39.155],[139.903,39.176],[139.898,39.201],[139.904,39.226],[139.913,39.246],[139.915,39.274],[139.931,39.289],[139.957,39.293],[139.975,39.305],[139.986,39.324],[139.998,39.344],[140.007,39.365],[140.015,39.388],[140.023,39.41],[140.029,39.433],[140.035,39.458],[140.041,39.482],[140.046,39.507],[140.051,39.533],[140.054,39.56],[140.058,39.586],[140.061,39.613],[140.063,39.641],[140.062,39.671],[140.06,39.699],[140.058,39.727],[140.046,39.75],[140.038,39.772],[140.036,39.8],[140.026,39.82],[140.013,39.839],[139.999,39.855],[139.983,39.869],[139.966,39.882],[139.945,39.891],[139.923,39.9],[139.895,39.902],[139.869,39.898],[139.864,39.89]],[[140.013,39.775],[140.032,39.761],[140.014,39.773],[140.013,39.775]],[[139.864,39.89],[139.848,39.876],[139.826,39.868],[139.798,39.866],[139.774,39.859],[139.75,39.865],[139.737,39.882],[139.732,39.908],[139.714,39.919],[139.705,39.941],[139.721,39.955],[139.702,39.966],[139.695,39.989],[139.72,39.985],[139.744,39.978],[139.769,39.973],[139.787,39.961],[139.816,39.959],[139.838,39.968],[139.857,39.978],[139.875,39.991],[139.891,40.005],[139.906,40.02],[139.919,40.037],[139.933,40.053],[139.944,40.072],[139.956,40.091],[139.966,40.111],[139.975,40.132],[139.984,40.153],[139.992,40.175],[139.987,40.2],[140.003,40.214],[140.009,40.239],[140.015,40.263],[140.02,40.288],[140.024,40.314],[140.026,40.342],[140.016,40.363],[140.001,40.378],[139.981,40.388],[139.967,40.404],[139.947,40.414],[139.936,40.428]]]}},{"type":"Feature","properties":{"name":"小笠原諸島"},"geometry":{"type":"MultiLineString","coordinates":[[[141.323,24.813],[141.341,24.8],[141.338,24.772],[141.315,24.764],[141.296,24.753],[141.293,24.781],[141.306,24.799],[141.322,24.812],[141.323,24.813]],[[141.284,25.449],[141.293,25.428],[141.273,25.438],[141.284,25.449]],[[142.126,26.714],[142.141,26.699],[142.158,26.686],[142.164,26.662],[142.188,26.657],[142.172,26.644],[142.182,26.624],[142.161,26.633],[142.149,26.651],[142.145,26.677],[142.13,26.692],[142.126,26.714]],[[142.193,27.106],[142.219,27.101],[142.229,27.081],[142.234,27.056],[142.224,27.036],[142.203,27.045],[142.188,27.06],[142.204,27.074],[142.199,27.099],[142.193,27.106]],[[142.192,27.144],[142.207,27.129],[142.227,27.12],[142.208,27.109],[142.19,27.121],[142.192,27.144]],[[142.189,27.19],[142.198,27.169],[142.188,27.149],[142.186,27.177],[142.189,27.19]],[[142.131,27.689],[142.148,27.676],[142.126,27.684],[142.131,27.689]]]}},{"type":"Feature","properties":{"name":"新潟県上中下越"},"geometry":{"type":"MultiLineString","coordinates":[[[137.635,36.98],[137.661,36.985],[137.685,36.991],[137.709,36.998],[137.732,37.005],[137.755,37.013],[137.777,37.02],[137.801,37.027],[137.822,37.036],[137.842,37.046],[137.869,37.049],[137.894,37.055],[137.916,37.063],[137.936,37.073],[137.952,37.087],[137.974,37.095],[137.992,37.107],[138.014,37.116],[138.038,37.122],[138.054,37.136],[138.07,37.15],[138.086,37.165],[138.109,37.172],[138.132,37.164],[138.159,37.162],[138.185,37.166],[138.213,37.169],[138.235,37.176],[138.25,37.197],[138.278,37.199],[138.296,37.211],[138.314,37.224],[138.332,37.237],[138.349,37.25],[138.367,37.264],[138.383,37.278],[138.399,37.291],[138.416,37.305],[138.433,37.318],[138.453,37.329],[138.472,37.339],[138.489,37.353],[138.515,37.357],[138.534,37.368],[138.554,37.378],[138.568,37.395],[138.581,37.412],[138.585,37.439],[138.605,37.449],[138.615,37.469],[138.628,37.486],[138.643,37.502],[138.655,37.52],[138.671,37.534],[138.69,37.545],[138.709,37.556],[138.724,37.573],[138.734,37.593],[138.749,37.608],[138.758,37.629],[138.768,37.65],[138.777,37.671],[138.783,37.694],[138.786,37.721],[138.796,37.741],[138.806,37.762],[138.815,37.783],[138.828,37.801],[138.842,37.817],[138.858,37.831],[138.876,37.843],[138.895,37.854],[138.916,37.864],[138.935,37.875],[138.956,37.884],[138.975,37.895],[138.994,37.906],[139.011,37.919],[139.033,37.928],[139.05,37.942],[139.067,37.955],[139.094,37.958],[139.121,37.962],[139.146,37.967],[139.167,37.976],[139.193,37.98],[139.212,37.992],[139.224,38.009],[139.228,37.976],[139.233,38.002],[139.255,38.011],[139.275,38.021],[139.293,38.034],[139.31,38.046],[139.326,38.06],[139.342,38.074],[139.358,38.09],[139.372,38.106],[139.386,38.122],[139.399,38.139],[139.413,38.155],[139.424,38.174],[139.428,38.199],[139.439,38.219],[139.45,38.238],[139.446,38.264],[139.449,38.291],[139.449,38.321],[139.452,38.348],[139.457,38.373],[139.461,38.399],[139.47,38.42],[139.483,38.437],[139.495,38.455],[139.505,38.476],[139.517,38.494],[139.528,38.512],[139.541,38.53],[139.55,38.551],[139.548,38.553]],[[139.256,38.491],[139.254,38.462],[139.239,38.447],[139.218,38.438],[139.225,38.461],[139.24,38.476],[139.255,38.491],[139.256,38.491]]]}},{"type":"Feature","properties":{"name":"青森県太平洋沿岸"},"geometry":{"type":"MultiLineString","coordinates":[[[140.913,41.546],[140.929,41.533],[140.95,41.523],[140.965,41.508],[140.982,41.495],[141.003,41.486],[141.031,41.483],[141.061,41.483],[141.082,41.474],[141.104,41.465],[141.12,41.452],[141.134,41.436],[141.151,41.423],[141.17,41.411],[141.184,41.395],[141.201,41.382],[141.221,41.372],[141.242,41.363],[141.265,41.356],[141.291,41.351],[141.319,41.353],[141.344,41.359],[141.365,41.367],[141.387,41.376],[141.407,41.386],[141.424,41.399],[141.44,41.414],[141.457,41.426],[141.464,41.403],[141.458,41.378],[141.444,41.362],[141.436,41.338],[141.429,41.314],[141.422,41.291],[141.414,41.268],[141.407,41.246],[141.402,41.22],[141.396,41.197],[141.39,41.172],[141.391,41.142],[141.393,41.115],[141.394,41.086],[141.39,41.06],[141.387,41.033],[141.385,41.003],[141.386,40.974],[141.389,40.946],[141.396,40.924],[141.391,40.899],[141.395,40.872],[141.398,40.846],[141.403,40.817],[141.408,40.791],[141.413,40.766],[141.417,40.74],[141.423,40.716],[141.43,40.692],[141.439,40.671],[141.445,40.647],[141.455,40.626],[141.462,40.603],[141.476,40.587],[141.49,40.57],[141.508,40.558],[141.517,40.537],[141.538,40.527],[141.558,40.537],[141.582,40.53],[141.599,40.517],[141.617,40.505],[141.631,40.489],[141.647,40.475],[141.664,40.461],[141.683,40.45],[141.683,40.45]]]}},{"type":"Feature","properties":{"name":"青森県日本海沿岸"},"geometry":{"type":"MultiLineString","coordinates":[[[139.936,40.428],[139.942,40.453],[139.947,40.478],[139.949,40.506],[139.945,40.532],[139.938,40.555],[139.928,40.576],[139.908,40.586],[139.88,40.583],[139.862,40.595],[139.868,40.619],[139.887,40.63],[139.902,40.645],[139.928,40.65],[139.939,40.668],[139.959,40.679],[139.968,40.699],[139.986,40.712],[139.994,40.734],[140.012,40.746],[140.032,40.757],[140.05,40.768],[140.074,40.761],[140.094,40.75],[140.115,40.741],[140.138,40.748],[140.156,40.76],[140.174,40.772],[140.194,40.783],[140.22,40.779],[140.239,40.789],[140.254,40.805],[140.265,40.823],[140.275,40.844],[140.285,40.864],[140.293,40.886],[140.3,40.91],[140.306,40.933],[140.312,40.958],[140.316,40.983],[140.32,41.009],[140.322,41.038],[140.324,41.066],[140.32,41.092],[140.305,41.107],[140.288,41.12],[140.258,41.121],[140.273,41.137],[140.297,41.131],[140.313,41.146],[140.328,41.16],[140.333,41.185],[140.332,41.214],[140.337,41.238],[140.344,41.261],[140.363,41.25],[140.384,41.241],[140.401,41.228],[140.417,41.214],[140.432,41.199],[140.453,41.189],[140.477,41.183],[140.5,41.191],[140.517,41.203],[140.529,41.221],[140.556,41.224],[140.582,41.221],[140.594,41.216]],[[140.778,41.21],[140.785,41.233],[140.786,41.262],[140.795,41.283],[140.802,41.307],[140.806,41.333],[140.82,41.348],[140.828,41.371],[140.831,41.398],[140.839,41.42],[140.856,41.434],[140.871,41.45],[140.885,41.467],[140.9,41.481],[140.909,41.503],[140.898,41.523],[140.908,41.544],[140.913,41.546]]]}},{"type":"Feature","properties":{"name":"静岡県"},"geometry":{"type":"MultiLineString","coordinates":[[[139.112,35.141],[139.101,35.122],[139.086,35.106],[139.078,35.083],[139.072,35.059],[139.092,35.05],[139.099,35.027],[139.087,35.008],[139.096,34.986],[139.113,34.973],[139.13,34.961],[139.146,34.947],[139.141,34.922],[139.133,34.9],[139.126,34.876],[139.103,34.87],[139.086,34.857],[139.077,34.836],[139.071,34.812],[139.062,34.791],[139.046,34.777],[139.027,34.766],[139.01,34.752],[138.998,34.734],[138.988,34.714],[138.974,34.697],[138.979,34.672],[138.967,34.654],[138.959,34.676],[138.939,34.667],[138.921,34.655],[138.911,34.635],[138.89,34.626],[138.866,34.62],[138.848,34.608],[138.824,34.615],[138.807,34.628],[138.788,34.639],[138.773,34.654],[138.79,34.667],[138.772,34.679],[138.755,34.691],[138.741,34.707],[138.747,34.731],[138.76,34.748],[138.776,34.762],[138.765,34.782],[138.753,34.8],[138.757,34.827],[138.767,34.847],[138.755,34.865],[138.761,34.89],[138.78,34.9],[138.778,34.928],[138.768,34.949],[138.762,34.973],[138.773,34.992],[138.779,35.016],[138.804,35.021],[138.833,35.02],[138.862,35.021],[138.889,35.018],[138.899,35.038],[138.883,35.053],[138.872,35.071],[138.853,35.083],[138.84,35.1],[138.821,35.111],[138.799,35.119],[138.776,35.126],[138.751,35.132],[138.725,35.135],[138.696,35.14],[138.676,35.129],[138.654,35.121],[138.629,35.116],[138.6,35.115],[138.574,35.11],[138.555,35.099],[138.547,35.077],[138.535,35.058],[138.521,35.041],[138.5,35.03],[138.497,35.002],[138.518,35.012],[138.516,34.984],[138.497,34.972],[138.477,34.963],[138.455,34.955],[138.432,34.947],[138.41,34.94],[138.391,34.928],[138.369,34.92],[138.353,34.907],[138.34,34.889],[138.33,34.869],[138.335,34.844],[138.33,34.819],[138.317,34.802],[138.304,34.786],[138.293,34.766],[138.274,34.755],[138.254,34.745],[138.235,34.733],[138.22,34.718],[138.212,34.696],[138.201,34.677],[138.194,34.654],[138.203,34.632],[138.217,34.613],[138.199,34.601],[138.176,34.609],[138.153,34.615],[138.132,34.624],[138.11,34.632],[138.087,34.64],[138.064,34.647],[138.039,34.653],[138.015,34.658],[137.989,34.663],[137.962,34.666],[137.934,34.668],[137.908,34.663],[137.879,34.662],[137.853,34.658],[137.828,34.653],[137.804,34.647],[137.776,34.648],[137.753,34.655],[137.729,34.661],[137.703,34.666],[137.677,34.67],[137.651,34.673],[137.623,34.676],[137.595,34.678],[137.568,34.68],[137.539,34.679],[137.511,34.676],[137.485,34.674]]]}},{"type":"Feature","properties":{"name":"石川県加賀"},"geometry":{"type":"MultiLineString","coordinates":[[[136.244,36.295],[136.262,36.307],[136.278,36.322],[136.29,36.339],[136.306,36.353],[136.331,36.358],[136.351,36.369],[136.369,36.381],[136.387,36.395],[136.404,36.409],[136.42,36.424],[136.435,36.439],[136.449,36.454],[136.464,36.47],[136.478,36.486],[136.493,36.501],[136.508,36.516],[136.523,36.531],[136.537,36.547],[136.552,36.562],[136.566,36.578],[136.58,36.594],[136.591,36.614],[136.607,36.631],[136.624,36.644],[136.639,36.66],[136.652,36.677],[136.665,36.694],[136.677,36.712],[136.689,36.73],[136.7,36.748],[136.711,36.767],[136.722,36.786],[136.724,36.79]]]}},{"type":"Feature","properties":{"name":"石川県能登"},"geometry":{"type":"MultiLineString","coordinates":[[[136.724,36.79],[136.735,36.81],[136.745,36.83],[136.754,36.852],[136.761,36.875],[136.767,36.899],[136.761,36.923],[136.755,36.937]],[[136.755,36.937],[136.766,36.957],[136.769,36.984],[136.761,37.005],[136.743,37.017],[136.737,37.041],[136.723,37.057],[136.728,37.082],[136.726,37.111],[136.724,37.139],[136.703,37.149],[136.686,37.136],[136.672,37.153],[136.676,37.179],[136.682,37.202],[136.696,37.219],[136.702,37.243],[136.72,37.255],[136.731,37.275],[136.725,37.299],[136.726,37.328],[136.738,37.347],[136.754,37.36],[136.776,37.368],[136.797,37.377],[136.817,37.387],[136.838,37.397],[136.861,37.404],[136.889,37.401],[136.914,37.396],[136.939,37.4],[136.961,37.411],[136.983,37.42],[137.004,37.428],[137.03,37.433],[137.047,37.446],[137.069,37.454],[137.086,37.467],[137.104,37.48],[137.122,37.491],[137.144,37.499],[137.171,37.503],[137.198,37.506],[137.218,37.515],[137.244,37.519],[137.263,37.531],[137.292,37.529],[137.321,37.529],[137.339,37.516],[137.343,37.49],[137.352,37.469],[137.348,37.443],[137.322,37.439],[137.296,37.443],[137.27,37.438],[137.252,37.426],[137.244,37.405],[137.237,37.381],[137.245,37.359],[137.262,37.346],[137.257,37.321],[137.242,37.305],[137.223,37.294],[137.199,37.3],[137.17,37.3],[137.142,37.298],[137.121,37.289],[137.1,37.279],[137.093,37.256],[137.075,37.243],[137.067,37.221],[137.048,37.21],[137.033,37.195],[137.012,37.185],[136.993,37.197],[136.969,37.204],[136.954,37.219],[136.935,37.23],[136.911,37.223],[136.927,37.208],[136.912,37.193],[136.897,37.178],[136.883,37.162],[136.892,37.141],[136.893,37.111],[136.867,37.107],[136.861,37.082],[136.879,37.069],[136.903,37.076],[136.92,37.089],[136.936,37.074],[136.96,37.068],[136.971,37.049],[136.991,37.058],[137.006,37.074],[137.015,37.094],[137.037,37.105],[137.051,37.088],[137.049,37.06],[137.048,37.031],[137.049,37.001],[137.052,36.974],[137.052,36.959]],[[137.038,37.168],[137.052,37.152],[137.048,37.126],[137.026,37.116],[136.998,37.118],[136.98,37.106],[136.955,37.1],[136.94,37.115],[136.92,37.126],[136.905,37.14],[136.925,37.13],[136.939,37.146],[136.969,37.145],[136.994,37.139],[137.021,37.142],[137.031,37.163],[137.038,37.168]]]}},{"type":"Feature","properties":{"name":"千葉県九十九里・外房"},"geometry":{"type":"MultiLineString","coordinates":[[[140.852,35.745],[140.875,35.737],[140.867,35.715],[140.856,35.695],[140.835,35.705],[140.812,35.713],[140.789,35.706],[140.766,35.699],[140.742,35.693],[140.719,35.699],[140.689,35.698],[140.667,35.691],[140.644,35.683],[140.624,35.672],[140.604,35.66],[140.587,35.646],[140.569,35.634],[140.551,35.622],[140.534,35.609],[140.517,35.595],[140.501,35.581],[140.486,35.566],[140.472,35.55],[140.459,35.534],[140.444,35.518],[140.432,35.5],[140.421,35.481],[140.411,35.461],[140.403,35.439],[140.396,35.416],[140.392,35.39],[140.392,35.36],[140.396,35.333],[140.411,35.318],[140.407,35.292],[140.4,35.268],[140.405,35.243],[140.398,35.22],[140.389,35.199],[140.377,35.181],[140.349,35.179],[140.333,35.164],[140.326,35.142],[140.305,35.151],[140.289,35.137],[140.26,35.138],[140.243,35.125],[140.222,35.116],[140.195,35.119],[140.169,35.123],[140.146,35.117],[140.118,35.114],[140.108,35.094],[140.097,35.075],[140.08,35.062],[140.054,35.058],[140.033,35.049],[140.017,35.035],[139.996,35.025],[139.981,35.011],[139.972,34.989],[139.961,34.969],[139.965,34.943],[139.95,34.928],[139.934,34.914],[139.911,34.907],[139.888,34.9],[139.887,34.899]]]}},{"type":"Feature","properties":{"name":"千葉県内房"},"geometry":{"type":"MultiLineString","coordinates":[[[139.887,34.899],[139.864,34.907],[139.837,34.903],[139.823,34.919],[139.815,34.941],[139.795,34.951],[139.769,34.955],[139.755,34.971],[139.78,34.976],[139.807,34.979],[139.827,34.989],[139.856,34.991],[139.855,35.02],[139.836,35.031],[139.812,35.037],[139.833,35.046],[139.822,35.065],[139.837,35.08],[139.827,35.1],[139.834,35.124],[139.829,35.149],[139.818,35.168],[139.822,35.194],[139.839,35.207],[139.859,35.216],[139.87,35.236],[139.861,35.258],[139.849,35.275],[139.839,35.296],[139.817,35.304],[139.794,35.311],[139.784,35.313]]]}},{"type":"Feature","properties":{"name":"相模湾・三浦半島"},"geometry":{"type":"MultiLineString","coordinates":[[[139.746,35.256],[139.731,35.24],[139.715,35.226],[139.701,35.21],[139.678,35.203],[139.661,35.19],[139.662,35.161],[139.679,35.148],[139.658,35.14],[139.629,35.138],[139.605,35.145],[139.618,35.162],[139.616,35.19],[139.625,35.211],[139.608,35.223],[139.597,35.242],[139.578,35.253],[139.571,35.276],[139.558,35.293],[139.543,35.309],[139.519,35.303],[139.49,35.305],[139.47,35.315],[139.444,35.319],[139.416,35.317],[139.386,35.316],[139.358,35.315],[139.33,35.312],[139.307,35.305],[139.283,35.3],[139.258,35.295],[139.235,35.287],[139.213,35.279],[139.195,35.267],[139.176,35.256],[139.158,35.244],[139.143,35.229],[139.14,35.201],[139.143,35.174],[139.149,35.15],[139.12,35.149],[139.112,35.141]]]}},{"type":"Feature","properties":{"name":"大阪府"},"geometry":{"type":"MultiLineString","coordinates":[[[135.093,34.312],[135.113,34.322],[135.141,34.32],[135.16,34.331],[135.18,34.341],[135.208,34.345],[135.229,34.355],[135.245,34.371],[135.264,34.381],[135.28,34.396],[135.293,34.413],[135.315,34.422],[135.332,34.435],[135.348,34.45],[135.361,34.47],[135.377,34.485],[135.373,34.513],[135.4,34.516],[135.424,34.525],[135.438,34.541],[135.427,34.561],[135.408,34.572],[135.402,34.598],[135.418,34.583],[135.443,34.577],[135.466,34.584],[135.442,34.59],[135.424,34.602],[135.433,34.623],[135.453,34.634],[135.435,34.648],[135.416,34.659],[135.418,34.688],[135.407,34.697]],[[135.233,34.434],[135.253,34.445],[135.242,34.424],[135.222,34.433],[135.235,34.45],[135.233,34.434]],[[135.339,34.469],[135.333,34.445],[135.339,34.47],[135.339,34.469]],[[135.438,34.556],[135.429,34.532],[135.4,34.536],[135.416,34.55],[135.438,34.556]],[[135.39,34.628],[135.411,34.62],[135.389,34.628],[135.39,34.628]],[[135.417,34.645],[135.44,34.636],[135.424,34.622],[135.4,34.631],[135.417,34.645],[135.417,34.645]],[[135.38,34.661],[135.404,34.654],[135.383,34.643],[135.38,34.661]]]}},{"type":"Feature","properties":{"name":"大東島地方"},"geometry":{"type":"MultiLineString","coordinates":[[[131.241,25.872],[131.265,25.867],[131.268,25.839],[131.258,25.819],[131.234,25.813],[131.214,25.822],[131.218,25.849],[131.226,25.87],[131.241,25.872]],[[131.286,25.961],[131.311,25.956],[131.328,25.943],[131.313,25.928],[131.292,25.937],[131.285,25.96],[131.286,25.961]]]}},{"type":"Feature","properties":{"name":"大分県瀬戸内海沿岸"},"geometry":{"type":"MultiLineString","coordinates":[[[131.739,33.26],[131.766,33.256],[131.739,33.26],[131.739,33.26]],[[131.186,33.617],[131.211,33.612],[131.231,33.602],[131.254,33.608],[131.268,33.592],[131.286,33.58],[131.314,33.582],[131.337,33.575],[131.364,33.578],[131.392,33.576],[131.42,33.574],[131.429,33.595],[131.447,33.608],[131.469,33.616],[131.481,33.634],[131.497,33.649],[131.505,33.671],[131.522,33.684],[131.547,33.679],[131.575,33.675],[131.589,33.69],[131.608,33.678],[131.635,33.682],[131.648,33.665],[131.67,33.657],[131.683,33.64],[131.698,33.625],[131.708,33.605],[131.724,33.59],[131.736,33.571],[131.741,33.546],[131.735,33.522],[131.73,33.497],[131.739,33.475],[131.724,33.46],[131.713,33.441],[131.704,33.419],[131.687,33.406],[131.66,33.41],[131.642,33.421],[131.644,33.394],[131.635,33.374],[131.608,33.371],[131.597,33.352],[131.568,33.35],[131.543,33.355],[131.526,33.368],[131.502,33.362],[131.497,33.335],[131.502,33.311],[131.506,33.284],[131.517,33.265],[131.54,33.257],[131.566,33.253],[131.589,33.246],[131.606,33.259],[131.631,33.266],[131.655,33.272],[131.681,33.268],[131.704,33.275],[131.723,33.264],[131.74,33.25],[131.769,33.25],[131.792,33.243],[131.82,33.246],[131.844,33.252],[131.872,33.249],[131.885,33.265],[131.903,33.267]],[[131.672,33.739],[131.697,33.734],[131.676,33.725],[131.651,33.72],[131.663,33.738],[131.672,33.739]]]}},{"type":"Feature","properties":{"name":"大分県豊後水道沿岸"},"geometry":{"type":"MultiLineString","coordinates":[[[131.935,33.016],[131.945,32.995],[131.926,32.984],[131.919,33.008],[131.935,33.016]],[[131.903,33.267],[131.893,33.247],[131.873,33.237],[131.867,33.213],[131.856,33.195],[131.838,33.183],[131.824,33.166],[131.817,33.143],[131.801,33.129],[131.824,33.122],[131.85,33.118],[131.869,33.13],[131.895,33.126],[131.883,33.108],[131.869,33.092],[131.882,33.075],[131.907,33.081],[131.924,33.066],[131.935,33.085],[131.947,33.067],[131.972,33.062],[131.988,33.076],[131.999,33.095],[132.003,33.068],[131.988,33.053],[131.961,33.05],[131.932,33.051],[131.921,33.032],[131.908,33.016],[131.896,32.997],[131.905,32.977],[131.924,32.965],[131.945,32.955],[131.972,32.959],[131.983,32.939],[131.998,32.954],[132.009,32.934],[132.034,32.94],[132.051,32.952],[132.074,32.945],[132.052,32.936],[132.025,32.934],[132.008,32.921],[131.979,32.922],[131.986,32.899],[132.011,32.893],[131.996,32.878],[131.977,32.867],[131.964,32.85],[131.946,32.837],[131.961,32.822],[131.986,32.828],[132.006,32.837],[131.994,32.82],[131.976,32.808],[131.947,32.806],[131.937,32.786],[131.922,32.801],[131.904,32.789],[131.894,32.768],[131.881,32.785],[131.877,32.76],[131.886,32.746]]]}},{"type":"Feature","properties":{"name":"淡路島南部"},"geometry":{"type":"MultiLineString","coordinates":[[[134.821,34.18],[134.815,34.156],[134.821,34.18]],[[134.948,34.298],[134.958,34.279],[134.945,34.296],[134.948,34.298]],[[134.895,34.399],[134.897,34.372],[134.9,34.344],[134.917,34.328],[134.926,34.307],[134.945,34.295],[134.953,34.274],[134.935,34.262],[134.912,34.255],[134.89,34.247],[134.868,34.239],[134.846,34.231],[134.827,34.219],[134.81,34.206],[134.787,34.199],[134.759,34.197],[134.736,34.19],[134.726,34.21],[134.703,34.217],[134.711,34.239],[134.689,34.248],[134.663,34.243],[134.673,34.264],[134.662,34.283],[134.668,34.306],[134.683,34.321],[134.713,34.322],[134.731,34.334],[134.741,34.352]]]}},{"type":"Feature","properties":{"name":"長崎県西方"},"geometry":{"type":"MultiLineString","coordinates":[[[129.787,32.571],[129.777,32.55],[129.787,32.571]],[[130.208,32.604],[130.186,32.596],[130.172,32.612],[130.154,32.624],[130.136,32.636],[130.129,32.659],[130.126,32.687],[130.152,32.683],[130.171,32.694],[130.187,32.709],[130.202,32.724],[130.208,32.749],[130.191,32.762],[130.187,32.788],[130.162,32.794],[130.136,32.79],[130.108,32.792],[130.08,32.79],[130.059,32.781],[130.042,32.768],[130.02,32.76],[129.994,32.756],[129.972,32.763],[129.948,32.758],[129.942,32.733],[129.927,32.718],[129.911,32.703],[129.903,32.681],[129.893,32.661],[129.873,32.651],[129.854,32.64],[129.836,32.628],[129.824,32.61],[129.809,32.594],[129.789,32.585],[129.761,32.582],[129.742,32.571],[129.751,32.592],[129.773,32.6],[129.789,32.614],[129.797,32.637],[129.809,32.655],[129.818,32.676],[129.796,32.684],[129.813,32.698],[129.835,32.69],[129.85,32.705],[129.858,32.727],[129.87,32.745],[129.855,32.73],[129.83,32.723],[129.824,32.747],[129.807,32.761],[129.796,32.779],[129.781,32.794],[129.77,32.814],[129.748,32.823],[129.719,32.824],[129.701,32.835],[129.687,32.851],[129.678,32.873],[129.669,32.894],[129.661,32.916],[129.647,32.932],[129.633,32.949],[129.628,32.973],[129.641,32.99],[129.66,33.001],[129.648,33.019],[129.657,33.04],[129.666,33.064],[129.676,33.084],[129.699,33.091],[129.719,33.081],[129.734,33.065],[129.753,33.054],[129.744,33.031],[129.734,33.011],[129.742,32.988],[129.761,33.0],[129.777,33.014],[129.801,33.008],[129.813,32.99],[129.825,32.971],[129.816,32.95],[129.814,32.923],[129.8,32.939],[129.788,32.921],[129.805,32.908],[129.803,32.88],[129.815,32.862],[129.833,32.85],[129.846,32.833],[129.851,32.859],[129.866,32.844],[129.878,32.863],[129.896,32.875],[129.919,32.869],[129.942,32.862],[129.957,32.847],[129.979,32.838],[130.005,32.842],[129.991,32.858],[129.974,32.871],[129.964,32.892],[129.948,32.907],[129.932,32.922],[129.928,32.947],[129.937,32.969],[129.95,32.986],[129.944,33.01],[129.931,33.027],[129.911,33.038],[129.896,33.053],[129.877,33.064],[129.852,33.06],[129.834,33.047],[129.824,33.068],[129.8,33.073],[129.793,33.096],[129.794,33.126],[129.781,33.144],[129.755,33.147],[129.74,33.132],[129.728,33.15],[129.714,33.167],[129.706,33.144],[129.711,33.118],[129.684,33.115],[129.668,33.101],[129.661,33.125],[129.685,33.132],[129.677,33.155],[129.66,33.168],[129.643,33.181],[129.647,33.207],[129.63,33.193],[129.621,33.214],[129.596,33.209],[129.573,33.217],[129.567,33.24],[129.575,33.262],[129.591,33.276],[129.597,33.3],[129.618,33.309],[129.592,33.305],[129.572,33.315],[129.572,33.344],[129.57,33.373],[129.592,33.381],[129.615,33.373],[129.639,33.367],[129.659,33.378],[129.669,33.398],[129.675,33.374],[129.684,33.353],[129.709,33.347],[129.73,33.356],[129.749,33.367],[129.767,33.354],[129.779,33.372],[129.792,33.354],[129.791,33.34]],[[129.761,32.715],[129.782,32.704],[129.76,32.712],[129.761,32.715]],[[128.635,32.68],[128.629,32.656],[128.634,32.68],[128.635,32.68]],[[129.965,32.762],[129.986,32.753],[129.964,32.761],[129.965,32.762]],[[128.606,32.74],[128.601,32.715],[128.606,32.74]],[[128.993,32.791],[129.006,32.773],[128.998,32.751],[128.974,32.744],[128.989,32.76],[128.99,32.789],[128.993,32.791]],[[128.809,32.798],[128.812,32.772],[128.823,32.752],[128.851,32.75],[128.842,32.729],[128.848,32.705],[128.859,32.686],[128.877,32.674],[128.888,32.656],[128.875,32.639],[128.846,32.64],[128.819,32.637],[128.807,32.656],[128.785,32.647],[128.767,32.636],[128.774,32.613],[128.791,32.6],[128.778,32.583],[128.751,32.586],[128.738,32.603],[128.71,32.605],[128.681,32.607],[128.655,32.602],[128.629,32.606],[128.605,32.612],[128.608,32.639],[128.627,32.627],[128.639,32.609],[128.655,32.624],[128.64,32.639],[128.664,32.645],[128.671,32.668],[128.652,32.679],[128.657,32.703],[128.646,32.722],[128.652,32.746],[128.651,32.775],[128.678,32.779],[128.696,32.767],[128.692,32.741],[128.714,32.749],[128.736,32.757],[128.754,32.769],[128.769,32.753],[128.791,32.76],[128.776,32.775],[128.797,32.784],[128.809,32.798]],[[128.864,32.845],[128.883,32.834],[128.901,32.821],[128.909,32.8],[128.894,32.785],[128.883,32.766],[128.858,32.771],[128.84,32.784],[128.84,32.813],[128.849,32.834],[128.863,32.818],[128.875,32.798],[128.868,32.821],[128.864,32.845]],[[128.942,32.885],[128.957,32.871],[128.957,32.841],[128.941,32.827],[128.917,32.821],[128.91,32.844],[128.895,32.859],[128.914,32.87],[128.927,32.852],[128.944,32.864],[128.942,32.885]],[[129.902,32.929],[129.921,32.917],[129.9,32.928],[129.902,32.929]],[[129.599,32.948],[129.62,32.939],[129.612,32.917],[129.596,32.931],[129.599,32.948]],[[128.99,32.933],[129.012,32.925],[129.024,32.907],[129.028,32.881],[129.029,32.852],[129.014,32.867],[128.986,32.865],[128.972,32.881],[128.961,32.901],[128.984,32.894],[128.999,32.878],[128.988,32.898],[128.978,32.917],[128.99,32.933]],[[128.963,32.932],[128.955,32.91],[128.932,32.917],[128.958,32.921],[128.963,32.932]],[[128.99,32.966],[128.979,32.947],[128.99,32.966],[128.99,32.966]],[[129.353,33.021],[129.346,32.998],[129.353,33.021],[129.353,33.021]],[[129.562,33.03],[129.586,33.025],[129.571,33.009],[129.562,33.03],[129.562,33.03]],[[129.247,33.023],[129.256,33.002],[129.237,32.99],[129.24,33.018],[129.247,33.023]],[[129.032,33.015],[129.012,33.005],[129.032,33.015],[129.032,33.015]],[[129.609,33.065],[129.636,33.062],[129.625,33.044],[129.61,33.028],[129.587,33.035],[129.601,33.053],[129.609,33.065]],[[129.768,33.143],[129.793,33.138],[129.792,33.109],[129.787,33.083],[129.768,33.094],[129.771,33.067],[129.746,33.062],[129.738,33.084],[129.751,33.102],[129.761,33.121],[129.768,33.143]],[[129.544,33.152],[129.534,33.132],[129.51,33.138],[129.53,33.148],[129.544,33.152]],[[129.113,33.164],[129.111,33.136],[129.118,33.113],[129.116,33.085],[129.109,33.062],[129.098,33.043],[129.092,33.019],[129.091,32.989],[129.12,32.988],[129.135,33.002],[129.161,33.006],[129.178,32.993],[129.171,32.969],[129.153,32.957],[129.142,32.938],[129.116,32.943],[129.104,32.961],[129.111,32.937],[129.094,32.924],[129.085,32.903],[129.092,32.88],[129.084,32.858],[129.063,32.849],[129.065,32.821],[129.045,32.831],[129.044,32.86],[129.047,32.887],[129.038,32.908],[129.06,32.9],[129.049,32.919],[129.03,32.93],[129.016,32.946],[129.001,32.961],[129.017,32.975],[129.046,32.976],[129.042,33.002],[129.044,33.03],[129.062,33.042],[129.073,33.022],[129.082,33.043],[129.084,33.071],[129.103,33.082],[129.104,33.111],[129.101,33.139],[129.109,33.161],[129.113,33.164]],[[129.591,33.194],[129.593,33.166],[129.579,33.182],[129.591,33.194]],[[129.123,33.214],[129.135,33.196],[129.133,33.169],[129.124,33.19],[129.123,33.214]],[[129.057,33.22],[129.078,33.211],[129.09,33.193],[129.06,33.193],[129.033,33.195],[129.046,33.212],[129.057,33.22]],[[129.129,33.302],[129.141,33.284],[129.135,33.26],[129.119,33.246],[129.095,33.252],[129.073,33.26],[129.084,33.279],[129.104,33.288],[129.124,33.298],[129.129,33.302]],[[129.797,33.415],[129.822,33.41],[129.831,33.388],[129.856,33.383],[129.839,33.371],[129.821,33.358],[129.811,33.378],[129.806,33.405],[129.797,33.415]],[[129.555,33.41],[129.56,33.385],[129.566,33.361],[129.547,33.349],[129.535,33.332],[129.529,33.307],[129.504,33.302],[129.488,33.288],[129.502,33.273],[129.492,33.253],[129.479,33.235],[129.467,33.218],[129.448,33.207],[129.434,33.191],[129.412,33.182],[129.391,33.173],[129.364,33.176],[129.356,33.198],[129.373,33.185],[129.399,33.181],[129.389,33.201],[129.381,33.223],[129.396,33.239],[129.418,33.231],[129.41,33.253],[129.406,33.279],[129.424,33.291],[129.441,33.304],[129.444,33.331],[129.456,33.349],[129.48,33.355],[129.504,33.362],[129.515,33.38],[129.519,33.354],[129.527,33.377],[129.552,33.381],[129.53,33.389],[129.541,33.408],[129.555,33.41]],[[129.435,33.441],[129.431,33.414],[129.432,33.385],[129.437,33.359],[129.414,33.352],[129.409,33.377],[129.414,33.401],[129.423,33.422],[129.434,33.442],[129.435,33.441]],[[129.531,33.454],[129.521,33.434],[129.531,33.454],[129.531,33.454]],[[129.755,33.47],[129.771,33.456],[129.779,33.434],[129.756,33.426],[129.745,33.408],[129.722,33.414],[129.737,33.428],[129.75,33.445],[129.755,33.47]],[[129.556,33.511],[129.573,33.497],[129.564,33.476],[129.536,33.475],[129.507,33.473],[129.519,33.491],[129.537,33.503],[129.556,33.511]]]}},{"type":"Feature","properties":{"name":"鳥取県"},"geometry":{"type":"MultiLineString","coordinates":[[[133.275,35.549],[133.262,35.531],[133.275,35.548],[133.275,35.549]],[[133.245,35.549],[133.271,35.552],[133.253,35.539],[133.255,35.511],[133.269,35.495],[133.287,35.482],[133.307,35.472],[133.329,35.465],[133.355,35.46],[133.38,35.456],[133.409,35.454],[133.428,35.465],[133.438,35.485],[133.456,35.497],[133.481,35.503],[133.499,35.516],[133.525,35.52],[133.552,35.523],[133.575,35.531],[133.601,35.526],[133.625,35.519],[133.649,35.514],[133.672,35.506],[133.701,35.507],[133.727,35.503],[133.755,35.501],[133.785,35.501],[133.814,35.501],[133.842,35.503],[133.873,35.506],[133.9,35.509],[133.928,35.511],[133.952,35.517],[133.976,35.523],[134.002,35.527],[134.024,35.519],[134.053,35.519],[134.08,35.522],[134.107,35.525],[134.134,35.529],[134.16,35.533],[134.183,35.541],[134.212,35.542],[134.236,35.548],[134.259,35.555],[134.276,35.568],[134.294,35.581],[134.311,35.594],[134.337,35.597],[134.363,35.601],[134.37,35.615]]]}},{"type":"Feature","properties":{"name":"島根県出雲・石見"},"geometry":{"type":"MultiLineString","coordinates":[[[131.691,34.681],[131.714,34.674],[131.743,34.675],[131.767,34.681],[131.791,34.687],[131.814,34.694],[131.835,34.703],[131.853,34.715],[131.868,34.731],[131.871,34.758],[131.894,34.764],[131.913,34.776],[131.927,34.792],[131.948,34.801],[131.961,34.818],[131.983,34.826],[131.997,34.843],[132.013,34.856],[132.027,34.873],[132.056,34.873],[132.064,34.896],[132.079,34.912],[132.088,34.932],[132.107,34.943],[132.126,34.955],[132.146,34.965],[132.162,34.979],[132.182,34.989],[132.198,35.003],[132.215,35.016],[132.231,35.031],[132.253,35.039],[132.279,35.043],[132.301,35.052],[132.316,35.066],[132.324,35.088],[132.34,35.103],[132.359,35.114],[132.376,35.126],[132.386,35.147],[132.404,35.159],[132.416,35.177],[132.432,35.191],[132.452,35.201],[132.468,35.215],[132.488,35.225],[132.507,35.236],[132.529,35.245],[132.544,35.259],[132.566,35.267],[132.588,35.276],[132.613,35.28],[132.632,35.291],[132.647,35.306],[132.659,35.324],[132.668,35.345],[132.674,35.369],[132.673,35.398],[132.655,35.41],[132.633,35.419],[132.647,35.435],[132.668,35.444],[132.693,35.45],[132.717,35.444],[132.744,35.447],[132.733,35.467],[132.754,35.476],[132.78,35.481],[132.802,35.488],[132.822,35.498],[132.845,35.505],[132.87,35.511],[132.898,35.513],[132.921,35.52],[132.947,35.516],[132.974,35.519],[132.968,35.543],[132.999,35.544],[133.026,35.541],[133.038,35.559],[133.06,35.567],[133.074,35.583],[133.098,35.59],[133.119,35.58],[133.138,35.57],[133.166,35.568],[133.191,35.562],[133.213,35.57],[133.233,35.579],[133.255,35.57],[133.28,35.575],[133.309,35.575],[133.296,35.558],[133.269,35.555],[133.245,35.549]]]}},{"type":"Feature","properties":{"name":"東京湾内湾"},"geometry":{"type":"MultiLineString","coordinates":[[[139.777,35.636],[139.78,35.61],[139.777,35.636],[139.777,35.636]],[[139.84,35.631],[139.828,35.612],[139.84,35.63],[139.84,35.631]],[[139.755,35.618],[139.749,35.594],[139.762,35.577],[139.784,35.586],[139.769,35.601],[139.755,35.618],[139.755,35.618]],[[139.81,35.614],[139.793,35.6],[139.817,35.608],[139.81,35.614]],[[139.827,35.598],[139.799,35.596],[139.813,35.579],[139.831,35.592],[139.827,35.598]],[[140.092,35.588],[140.106,35.57],[140.093,35.588],[140.092,35.588]],[[139.771,35.506],[139.747,35.499],[139.778,35.499],[139.771,35.506]],[[139.783,35.495],[139.758,35.484],[139.78,35.494],[139.783,35.495]],[[139.734,35.495],[139.713,35.485],[139.728,35.471],[139.736,35.494],[139.734,35.495]],[[139.746,35.256],[139.723,35.263],[139.695,35.265],[139.678,35.279],[139.671,35.301],[139.657,35.285],[139.637,35.296],[139.649,35.314],[139.631,35.326],[139.65,35.34],[139.654,35.366],[139.647,35.39],[139.622,35.395],[139.645,35.403],[139.673,35.405],[139.683,35.427],[139.671,35.444],[139.65,35.453],[139.64,35.474],[139.667,35.477],[139.693,35.483],[139.714,35.492],[139.731,35.505],[139.747,35.52],[139.771,35.513],[139.797,35.507],[139.784,35.527],[139.806,35.538],[139.795,35.557],[139.778,35.57],[139.755,35.562],[139.749,35.586],[139.751,35.614],[139.758,35.638],[139.769,35.656],[139.786,35.642],[139.799,35.622],[139.806,35.644],[139.834,35.642],[139.861,35.639],[139.877,35.624],[139.903,35.62],[139.923,35.631],[139.92,35.658],[139.941,35.668],[139.956,35.683],[139.984,35.684],[139.995,35.665],[140.017,35.655],[140.033,35.641],[140.048,35.626],[140.065,35.613],[140.082,35.599],[140.107,35.592],[140.116,35.569],[140.091,35.563],[140.113,35.554],[140.087,35.549],[140.063,35.543],[140.046,35.527],[140.031,35.508],[140.017,35.491],[140.0,35.476],[139.992,35.454],[139.982,35.475],[139.97,35.457],[139.949,35.447],[139.926,35.44],[139.903,35.431],[139.901,35.403],[139.918,35.39],[139.9,35.376],[139.884,35.362],[139.86,35.369],[139.85,35.348],[139.822,35.346],[139.817,35.32],[139.793,35.314],[139.784,35.313]]]}},{"type":"Feature","properties":{"name":"徳島県"},"geometry":{"type":"MultiLineString","coordinates":[[[134.44,34.208],[134.47,34.208],[134.488,34.221],[134.513,34.226],[134.542,34.226],[134.569,34.222],[134.583,34.239],[134.583,34.209],[134.598,34.194],[134.619,34.186],[134.642,34.178],[134.63,34.16],[134.619,34.14],[134.606,34.123],[134.605,34.093],[134.598,34.07],[134.586,34.052],[134.591,34.027],[134.599,34.004],[134.617,33.992],[134.628,34.01],[134.647,33.998],[134.656,33.978],[134.67,33.961],[134.691,33.953],[134.703,33.934],[134.698,33.91],[134.684,33.894],[134.667,33.88],[134.645,33.871],[134.629,33.857],[134.645,33.843],[134.672,33.847],[134.699,33.849],[134.684,33.834],[134.714,33.835],[134.738,33.84],[134.725,33.823],[134.704,33.814],[134.682,33.806],[134.662,33.797],[134.641,33.787],[134.617,33.781],[134.603,33.766],[134.576,33.762],[134.567,33.741],[134.543,33.735],[134.534,33.714],[134.517,33.701],[134.495,33.693],[134.475,33.683],[134.454,33.674],[134.434,33.664],[134.413,33.655],[134.39,33.648],[134.375,33.632],[134.369,33.608],[134.36,33.587],[134.332,33.584],[134.359,33.582],[134.33,33.582],[134.309,33.572],[134.315,33.548],[134.306,33.549]],[[134.644,34.24],[134.633,34.22],[134.627,34.196],[134.599,34.198],[134.612,34.215],[134.625,34.232],[134.644,34.24]],[[134.607,34.252],[134.602,34.227],[134.607,34.252]]]}},{"type":"Feature","properties":{"name":"富山県"},"geometry":{"type":"MultiLineString","coordinates":[[[137.052,36.959],[137.035,36.946],[137.03,36.921],[137.015,36.905],[137.001,36.889],[136.985,36.875],[136.992,36.852],[137.007,36.837],[137.025,36.824],[137.045,36.814],[137.065,36.803],[137.081,36.789],[137.107,36.783],[137.117,36.763],[137.135,36.776],[137.153,36.765],[137.177,36.759],[137.206,36.76],[137.23,36.766],[137.257,36.762],[137.283,36.759],[137.313,36.759],[137.336,36.766],[137.35,36.782],[137.369,36.794],[137.389,36.804],[137.396,36.827],[137.408,36.845],[137.416,36.867],[137.412,36.894],[137.42,36.916],[137.435,36.931],[137.458,36.938],[137.48,36.948],[137.501,36.956],[137.528,36.96],[137.555,36.963],[137.58,36.968],[137.603,36.976],[137.629,36.979],[137.635,36.98]]]}},{"type":"Feature","properties":{"name":"福井県"},"geometry":{"type":"MultiLineString","coordinates":[[[135.487,35.558],[135.473,35.541],[135.485,35.523],[135.505,35.534],[135.51,35.509],[135.524,35.493],[135.551,35.495],[135.577,35.499],[135.598,35.509],[135.617,35.519],[135.631,35.536],[135.652,35.544],[135.667,35.529],[135.642,35.524],[135.634,35.502],[135.614,35.492],[135.584,35.493],[135.606,35.484],[135.634,35.482],[135.659,35.487],[135.688,35.488],[135.713,35.483],[135.732,35.495],[135.747,35.51],[135.755,35.532],[135.731,35.525],[135.717,35.541],[135.69,35.544],[135.704,35.56],[135.725,35.569],[135.751,35.565],[135.759,35.543],[135.788,35.541],[135.806,35.53],[135.831,35.535],[135.821,35.555],[135.803,35.567],[135.829,35.563],[135.85,35.573],[135.855,35.598],[135.832,35.604],[135.825,35.628],[135.851,35.623],[135.866,35.608],[135.892,35.613],[135.918,35.609],[135.94,35.617],[135.953,35.634],[135.973,35.624],[135.986,35.642],[135.97,35.656],[135.975,35.681],[135.971,35.707],[135.954,35.721],[135.97,35.735],[135.991,35.745],[136.009,35.756],[136.033,35.749],[136.036,35.723],[136.042,35.698],[136.026,35.684],[136.042,35.671],[136.058,35.657],[136.074,35.675],[136.081,35.698],[136.092,35.717],[136.096,35.743],[136.099,35.771],[136.09,35.793],[136.077,35.811],[136.065,35.829],[136.046,35.841],[136.032,35.856],[136.015,35.869],[135.999,35.884],[135.996,35.911],[135.994,35.939],[135.98,35.956],[135.965,35.97],[135.967,35.999],[135.986,36.009],[136.001,36.025],[136.011,36.044],[136.02,36.066],[136.03,36.086],[136.041,36.105],[136.054,36.122],[136.071,36.135],[136.088,36.148],[136.097,36.169],[136.11,36.187],[136.13,36.198],[136.135,36.223],[136.127,36.246],[136.148,36.255],[136.178,36.255],[136.198,36.265],[136.217,36.276],[136.236,36.288],[136.244,36.295]]]}},{"type":"Feature","properties":{"name":"福岡県瀬戸内海沿岸"},"geometry":{"type":"MultiLineString","coordinates":[[[131.035,33.857],[131.04,33.831],[131.026,33.848],[131.035,33.857]],[[130.915,33.896],[130.932,33.909],[130.941,33.93],[130.958,33.946],[130.977,33.958],[130.998,33.967],[131.021,33.96],[131.01,33.941],[131.006,33.915],[130.99,33.901],[131.002,33.883],[130.985,33.87],[130.981,33.844],[130.959,33.833],[130.966,33.81],[130.994,33.813],[131.011,33.8],[130.987,33.794],[130.997,33.774],[131.004,33.75],[131.017,33.732],[131.027,33.712],[131.039,33.695],[131.056,33.681],[131.067,33.662],[131.081,33.646],[131.094,33.628],[131.114,33.618],[131.136,33.627],[131.158,33.618],[131.184,33.622],[131.186,33.617]]]}},{"type":"Feature","properties":{"name":"福岡県日本海沿岸"},"geometry":{"type":"MultiLineString","coordinates":[[[130.039,33.47],[130.05,33.489],[130.068,33.501],[130.093,33.506],[130.121,33.508],[130.13,33.529],[130.152,33.537],[130.165,33.554],[130.136,33.555],[130.124,33.573],[130.102,33.565],[130.087,33.58],[130.108,33.589],[130.136,33.591],[130.155,33.602],[130.158,33.629],[130.184,33.633],[130.202,33.646],[130.21,33.667],[130.229,33.656],[130.229,33.627],[130.245,33.612],[130.274,33.611],[130.254,33.601],[130.269,33.585],[130.293,33.58],[130.311,33.593],[130.337,33.597],[130.365,33.599],[130.393,33.597],[130.401,33.618],[130.407,33.642],[130.425,33.66],[130.433,33.683],[130.405,33.681],[130.386,33.669],[130.364,33.66],[130.343,33.651],[130.321,33.66],[130.349,33.663],[130.371,33.671],[130.391,33.681],[130.408,33.695],[130.419,33.715],[130.442,33.722],[130.458,33.736],[130.468,33.756],[130.467,33.785],[130.446,33.794],[130.46,33.81],[130.476,33.823],[130.482,33.847],[130.505,33.855],[130.524,33.866],[130.532,33.888],[130.56,33.89],[130.578,33.878],[130.607,33.879],[130.632,33.884],[130.653,33.894],[130.661,33.915],[130.682,33.924],[130.699,33.938],[130.725,33.934],[130.753,33.932],[130.766,33.949],[130.758,33.925],[130.781,33.934],[130.809,33.931],[130.815,33.908],[130.8,33.893],[130.774,33.889],[130.754,33.878],[130.781,33.882],[130.802,33.891],[130.821,33.903],[130.831,33.923],[130.855,33.929],[130.848,33.905],[130.87,33.915],[130.887,33.902],[130.911,33.895],[130.915,33.896]],[[130.302,33.638],[130.313,33.62],[130.298,33.635],[130.302,33.638]],[[130.421,33.675],[130.407,33.658],[130.42,33.675],[130.421,33.675]],[[130.3,33.69],[130.312,33.672],[130.288,33.678],[130.3,33.69]],[[130.489,33.913],[130.507,33.901],[130.486,33.911],[130.489,33.913]],[[130.439,33.915],[130.432,33.892],[130.406,33.897],[130.422,33.911],[130.439,33.915]],[[130.809,33.949],[130.838,33.945],[130.822,33.93],[130.795,33.934],[130.811,33.95],[130.809,33.949]]]}},{"type":"Feature","properties":{"name":"福島県"},"geometry":{"type":"MultiLineString","coordinates":[[[140.91,36.939],[140.891,36.927],[140.909,36.939],[140.91,36.939]],[[140.931,37.896],[140.937,37.872],[140.955,37.859],[140.959,37.833],[140.982,37.825],[140.987,37.799],[140.99,37.772],[141.003,37.756],[141.012,37.734],[141.011,37.705],[141.014,37.678],[141.036,37.67],[141.019,37.656],[141.023,37.629],[141.027,37.603],[141.026,37.574],[141.029,37.546],[141.033,37.521],[141.039,37.497],[141.037,37.469],[141.036,37.44],[141.034,37.412],[141.035,37.383],[141.033,37.355],[141.026,37.332],[141.025,37.303],[141.019,37.279],[141.013,37.254],[141.019,37.23],[141.006,37.213],[141.001,37.188],[141.001,37.158],[140.999,37.131],[140.995,37.104],[140.982,37.086],[140.976,37.062],[140.973,37.035],[140.979,37.011],[140.971,36.988],[140.959,36.969],[140.943,36.955],[140.926,36.942],[140.897,36.94],[140.874,36.932],[140.857,36.918],[140.835,36.909],[140.811,36.904],[140.797,36.888],[140.79,36.865],[140.793,36.859]]]}},{"type":"Feature","properties":{"name":"兵庫県瀬戸内海沿岸"},"geometry":{"type":"MultiLineString","coordinates":[[[134.741,34.352],[134.75,34.373],[134.765,34.389],[134.775,34.409],[134.788,34.427],[134.797,34.447],[134.814,34.461],[134.837,34.468],[134.851,34.483],[134.863,34.502],[134.875,34.52],[134.893,34.532],[134.916,34.539],[134.936,34.55],[134.951,34.565],[134.964,34.582],[134.978,34.598],[134.998,34.608],[135.014,34.594],[135.025,34.574],[135.011,34.558],[134.995,34.543],[134.99,34.518],[134.977,34.501],[134.959,34.489],[134.946,34.472],[134.933,34.454],[134.919,34.438],[134.904,34.422],[134.895,34.4],[134.895,34.399]],[[135.237,34.641],[135.217,34.631],[135.236,34.642],[135.237,34.641]],[[134.516,34.66],[134.504,34.642],[134.516,34.66]],[[134.945,34.662],[134.925,34.672],[134.904,34.681],[134.887,34.694],[134.868,34.705],[134.848,34.715],[134.827,34.705],[134.809,34.718],[134.795,34.734],[134.776,34.746],[134.761,34.762],[134.738,34.769],[134.715,34.775],[134.689,34.771],[134.66,34.774],[134.633,34.767],[134.609,34.775],[134.585,34.769],[134.566,34.757],[134.551,34.772],[134.529,34.781],[134.511,34.768],[134.482,34.767],[134.473,34.788],[134.46,34.772],[134.435,34.767],[134.427,34.744],[134.412,34.729],[134.384,34.727],[134.37,34.742],[134.346,34.736],[134.326,34.726],[134.322,34.722]],[[135.254,34.669],[135.283,34.675],[135.256,34.671],[135.254,34.669]],[[134.487,34.672],[134.498,34.652],[134.474,34.646],[134.487,34.664],[134.487,34.672]],[[135.36,34.672],[135.333,34.677],[135.36,34.672]],[[134.573,34.677],[134.591,34.664],[134.574,34.651],[134.573,34.677]],[[135.22,34.683],[135.237,34.67],[135.249,34.651],[135.22,34.65],[135.202,34.663],[135.214,34.682],[135.22,34.683]],[[134.536,34.687],[134.545,34.665],[134.517,34.668],[134.532,34.684],[134.536,34.687]],[[135.281,34.697],[135.269,34.68],[135.252,34.693],[135.278,34.698],[135.281,34.697]],[[135.407,34.697],[135.392,34.68],[135.373,34.691],[135.359,34.707],[135.342,34.721],[135.316,34.716],[135.287,34.715],[135.268,34.703],[135.24,34.701],[135.217,34.694],[135.202,34.679],[135.18,34.671],[135.173,34.648],[135.146,34.645],[135.12,34.641],[135.096,34.635],[135.072,34.628],[135.044,34.625],[135.027,34.638],[135.0,34.642],[134.97,34.644],[134.953,34.656],[134.945,34.662]],[[134.856,34.71],[134.837,34.697],[134.855,34.711],[134.856,34.71]]]}},{"type":"Feature","properties":{"name":"兵庫県北部"},"geometry":{"type":"MultiLineString","coordinates":[[[134.37,35.615],[134.395,35.62],[134.42,35.625],[134.439,35.636],[134.466,35.639],[134.485,35.65],[134.504,35.66],[134.528,35.667],[134.55,35.659],[134.575,35.653],[134.6,35.658],[134.614,35.641],[134.637,35.655],[134.657,35.665],[134.678,35.656],[134.705,35.653],[134.721,35.667],[134.744,35.659],[134.762,35.671],[134.782,35.662],[134.809,35.665],[134.83,35.656],[134.856,35.659],[134.862,35.658]]]}},{"type":"Feature","properties":{"name":"北海道太平洋沿岸西部"},"geometry":{"type":"MultiLineString","coordinates":[[[141.967,42.528],[141.95,42.542],[141.932,42.554],[141.914,42.566],[141.898,42.58],[141.875,42.587],[141.852,42.595],[141.83,42.603],[141.8,42.602],[141.784,42.616],[141.759,42.621],[141.732,42.625],[141.706,42.628],[141.675,42.628],[141.647,42.63],[141.626,42.621],[141.642,42.635],[141.664,42.643],[141.687,42.651],[141.661,42.646],[141.638,42.638],[141.617,42.629],[141.591,42.625],[141.564,42.62],[141.539,42.615],[141.515,42.609],[141.492,42.602],[141.468,42.594],[141.446,42.587],[141.425,42.578],[141.404,42.568],[141.384,42.559],[141.363,42.549],[141.343,42.539],[141.324,42.528],[141.305,42.517],[141.286,42.506],[141.268,42.494],[141.249,42.482],[141.231,42.47],[141.213,42.458],[141.19,42.451],[141.169,42.442],[141.146,42.434],[141.129,42.422],[141.111,42.409],[141.094,42.397],[141.078,42.383],[141.063,42.368],[141.05,42.351],[141.035,42.335],[141.016,42.324],[141.005,42.305],[140.978,42.307],[140.958,42.317],[140.939,42.328],[140.95,42.347],[140.967,42.333],[140.988,42.345],[140.97,42.357],[140.946,42.363],[140.921,42.369],[140.908,42.385],[140.903,42.411],[140.893,42.431],[140.881,42.449],[140.866,42.464],[140.841,42.47],[140.824,42.482],[140.806,42.496],[140.78,42.499],[140.772,42.521],[140.766,42.545],[140.746,42.557],[140.729,42.57],[140.71,42.581],[140.686,42.587],[140.656,42.587],[140.63,42.583],[140.607,42.575],[140.585,42.568],[140.562,42.575],[140.541,42.584],[140.516,42.589],[140.492,42.584],[140.462,42.583],[140.444,42.57],[140.427,42.557],[140.411,42.543],[140.395,42.527],[140.38,42.512],[140.366,42.496],[140.353,42.479],[140.341,42.461],[140.329,42.443],[140.318,42.423],[140.308,42.404],[140.298,42.383],[140.289,42.362],[140.282,42.339],[140.276,42.314],[140.276,42.285],[140.283,42.261],[140.296,42.244],[140.317,42.235],[140.339,42.227],[140.366,42.223],[140.392,42.219],[140.408,42.204],[140.427,42.193],[140.444,42.18],[140.463,42.167],[140.482,42.156],[140.501,42.144],[140.515,42.129],[140.537,42.12],[140.559,42.112],[140.585,42.108],[140.61,42.114],[140.632,42.121],[140.655,42.128],[140.685,42.129],[140.706,42.138],[140.726,42.128],[140.748,42.119],[140.764,42.106],[140.774,42.085],[140.795,42.076],[140.806,42.057],[140.819,42.039],[140.836,42.026],[140.854,42.013],[140.877,42.006],[140.895,41.994],[140.909,41.978],[140.923,41.962],[140.934,41.942],[140.951,41.929],[140.966,41.914],[140.986,41.904],[141.008,41.896],[141.037,41.894],[141.062,41.889],[141.084,41.882],[141.108,41.875],[141.126,41.863],[141.148,41.855],[141.152,41.828],[141.174,41.82],[141.186,41.802],[141.165,41.793],[141.143,41.785],[141.115,41.788],[141.098,41.774],[141.082,41.759],[141.07,41.741],[141.051,41.729],[141.03,41.721],[141.004,41.715],[140.976,41.713],[140.951,41.718],[140.936,41.733],[140.915,41.743],[140.892,41.75],[140.868,41.756],[140.843,41.761],[140.818,41.766],[140.794,41.772],[140.766,41.774],[140.741,41.769],[140.723,41.757],[140.708,41.741],[140.693,41.756],[140.703,41.777],[140.727,41.785],[140.711,41.802],[140.697,41.818],[140.672,41.822],[140.647,41.816],[140.626,41.808],[140.619,41.785],[140.608,41.765],[140.601,41.742],[140.579,41.733],[140.558,41.724],[140.539,41.713],[140.519,41.701],[140.492,41.698],[140.463,41.697],[140.445,41.685],[140.436,41.665],[140.432,41.638],[140.429,41.61],[140.429,41.58],[140.437,41.558],[140.429,41.536],[140.413,41.522],[140.389,41.516],[140.36,41.515],[140.338,41.507],[140.317,41.498],[140.294,41.49],[140.269,41.485],[140.257,41.467],[140.242,41.451],[140.228,41.433],[140.217,41.415],[140.201,41.4],[140.197,41.398]],[[141.775,42.582],[141.806,42.592],[141.783,42.584],[141.775,42.582]]]}},{"type":"Feature","properties":{"name":"北海道太平洋沿岸中部"},"geometry":{"type":"MultiLineString","coordinates":[[[143.869,42.842],[143.851,42.83],[143.834,42.817],[143.818,42.803],[143.8,42.791],[143.782,42.779],[143.766,42.765],[143.747,42.753],[143.729,42.741],[143.712,42.728],[143.694,42.716],[143.677,42.702],[143.659,42.69],[143.642,42.676],[143.625,42.664],[143.608,42.65],[143.592,42.636],[143.576,42.622],[143.56,42.608],[143.545,42.593],[143.529,42.578],[143.514,42.563],[143.5,42.547],[143.485,42.531],[143.469,42.516],[143.455,42.5],[143.44,42.485],[143.427,42.467],[143.414,42.45],[143.401,42.434],[143.389,42.415],[143.377,42.397],[143.365,42.379],[143.353,42.36],[143.342,42.341],[143.332,42.321],[143.327,42.296],[143.317,42.276],[143.31,42.253],[143.315,42.228],[143.324,42.207],[143.335,42.187],[143.327,42.165],[143.321,42.142],[143.32,42.112],[143.312,42.09],[143.311,42.061],[143.3,42.042],[143.285,42.026],[143.267,42.014],[143.255,41.995],[143.247,41.973],[143.241,41.949],[143.248,41.926],[143.229,41.938],[143.213,41.952],[143.194,41.963],[143.177,41.975],[143.162,41.99],[143.15,42.009],[143.136,42.026],[143.117,42.036],[143.098,42.048],[143.076,42.056],[143.056,42.067],[143.035,42.075],[143.01,42.081],[142.993,42.096],[142.974,42.107],[142.958,42.121],[142.933,42.126],[142.909,42.132],[142.879,42.133],[142.854,42.138],[142.825,42.14],[142.804,42.149],[142.783,42.158],[142.758,42.165],[142.74,42.177],[142.718,42.185],[142.693,42.191],[142.667,42.195],[142.65,42.208],[142.632,42.22],[142.611,42.229],[142.591,42.239],[142.567,42.246],[142.543,42.251],[142.522,42.261],[142.498,42.267],[142.476,42.275],[142.46,42.289],[142.444,42.304],[142.418,42.309],[142.395,42.316],[142.371,42.323],[142.355,42.337],[142.333,42.346],[142.315,42.357],[142.295,42.367],[142.274,42.377],[142.261,42.394],[142.243,42.407],[142.224,42.419],[142.207,42.432],[142.193,42.448],[142.172,42.457],[142.148,42.464],[142.121,42.468],[142.093,42.47],[142.071,42.478],[142.044,42.483],[142.022,42.491],[142.006,42.505],[141.985,42.514],[141.968,42.528],[141.967,42.528]]]}},{"type":"Feature","properties":{"name":"北海道日本海沿岸南部"},"geometry":{"type":"MultiLineString","coordinates":[[[140.197,41.398],[140.177,41.408],[140.16,41.421],[140.136,41.427],[140.107,41.426],[140.08,41.423],[140.063,41.436],[140.043,41.447],[140.028,41.462],[140.021,41.485],[140.013,41.508],[140.002,41.527],[139.989,41.545],[139.985,41.57],[139.982,41.598],[139.99,41.62],[139.999,41.642],[140.004,41.666],[140.009,41.692],[140.024,41.707],[140.038,41.723],[140.051,41.74],[140.064,41.757],[140.073,41.778],[140.071,41.807],[140.099,41.809],[140.12,41.818],[140.126,41.843],[140.118,41.866],[140.133,41.88],[140.137,41.907],[140.138,41.936],[140.13,41.958],[140.126,41.984],[140.116,42.005],[140.101,42.02],[140.087,42.036],[140.075,42.054],[140.063,42.072],[140.05,42.09],[140.035,42.105],[140.017,42.118],[139.995,42.125],[139.97,42.13],[139.94,42.13],[139.918,42.139],[139.907,42.159],[139.896,42.178],[139.881,42.193],[139.872,42.214],[139.847,42.22],[139.82,42.222],[139.797,42.23],[139.785,42.248],[139.784,42.276],[139.775,42.297],[139.774,42.327],[139.78,42.351],[139.801,42.36],[139.815,42.376],[139.828,42.393],[139.839,42.412],[139.846,42.435],[139.851,42.46],[139.847,42.486],[139.843,42.514],[139.84,42.54],[139.835,42.566],[139.827,42.588],[139.825,42.615],[139.842,42.628],[139.855,42.645],[139.867,42.663],[139.887,42.673],[139.909,42.681],[139.932,42.688],[139.961,42.689],[139.988,42.692],[140.015,42.688],[140.042,42.692],[140.061,42.703],[140.07,42.724],[140.09,42.734],[140.113,42.741],[140.134,42.75],[140.15,42.764],[140.157,42.787],[140.17,42.805],[140.184,42.821],[140.204,42.81],[140.227,42.803],[140.238,42.783],[140.252,42.768],[140.281,42.769],[140.303,42.777],[140.306,42.804],[140.31,42.832],[140.326,42.845],[140.345,42.857],[140.359,42.873],[140.372,42.89],[140.383,42.909],[140.399,42.923],[140.415,42.938],[140.434,42.949],[140.454,42.958],[140.474,42.968],[140.494,42.978],[140.51,42.992],[140.528,43.005],[140.525,43.031],[140.506,43.043],[140.494,43.06],[140.481,43.078],[140.463,43.091],[140.45,43.108],[140.44,43.128],[140.424,43.142],[140.407,43.155],[140.386,43.164],[140.368,43.177],[140.351,43.19],[140.339,43.207],[140.327,43.226],[140.334,43.248],[140.342,43.271],[140.35,43.292],[140.358,43.314],[140.347,43.333],[140.377,43.333],[140.405,43.335],[140.431,43.33],[140.452,43.339],[140.464,43.357],[140.462,43.372]],[[139.341,41.525],[139.37,41.524],[139.363,41.501],[139.339,41.507],[139.341,41.525]],[[139.56,42.249],[139.556,42.223],[139.545,42.203],[139.527,42.191],[139.517,42.171],[139.518,42.142],[139.512,42.118],[139.504,42.096],[139.49,42.08],[139.467,42.071],[139.451,42.057],[139.432,42.068],[139.425,42.091],[139.418,42.115],[139.418,42.144],[139.406,42.162],[139.414,42.185],[139.425,42.204],[139.442,42.217],[139.47,42.219],[139.494,42.225],[139.52,42.23],[139.543,42.237],[139.558,42.252],[139.56,42.249]]]}},{"type":"Feature","properties":{"name":"北海道日本海沿岸北部"},"geometry":{"type":"MultiLineString","coordinates":[[[141.289,43.229],[141.275,43.21],[141.256,43.197],[141.275,43.21],[141.288,43.227],[141.289,43.229]],[[140.462,43.372],[140.491,43.373],[140.509,43.36],[140.529,43.351],[140.547,43.338],[140.563,43.324],[140.579,43.31],[140.602,43.303],[140.624,43.295],[140.645,43.285],[140.651,43.261],[140.676,43.257],[140.701,43.251],[140.724,43.244],[140.746,43.235],[140.767,43.226],[140.775,43.204],[140.795,43.194],[140.825,43.195],[140.85,43.199],[140.862,43.218],[140.88,43.207],[140.907,43.21],[140.924,43.223],[140.95,43.228],[140.971,43.237],[140.998,43.239],[141.016,43.227],[141.004,43.209],[141.015,43.19],[141.037,43.182],[141.063,43.177],[141.087,43.171],[141.109,43.164],[141.129,43.154],[141.152,43.147],[141.181,43.149],[141.203,43.157],[141.225,43.165],[141.245,43.175],[141.265,43.186],[141.28,43.2],[141.302,43.208],[141.318,43.222],[141.335,43.236],[141.351,43.251],[141.366,43.266],[141.381,43.282],[141.397,43.296],[141.41,43.313],[141.424,43.329],[141.427,43.356],[141.43,43.384],[141.429,43.414],[141.419,43.434],[141.407,43.452],[141.395,43.471],[141.381,43.486],[141.37,43.505],[141.359,43.525],[141.368,43.547],[141.379,43.565],[141.385,43.589],[141.376,43.61],[141.362,43.626],[141.351,43.645],[141.347,43.673],[141.339,43.694],[141.329,43.714],[141.338,43.735],[141.35,43.754],[141.364,43.77],[141.372,43.792],[141.387,43.806],[141.41,43.814],[141.431,43.824],[141.452,43.833],[141.48,43.835],[141.501,43.844],[141.517,43.858],[141.544,43.854],[141.564,43.864],[141.583,43.876],[141.6,43.889],[141.612,43.907],[141.627,43.922],[141.631,43.948],[141.644,43.966],[141.651,43.99],[141.66,44.01],[141.662,44.038],[141.662,44.069],[141.66,44.097],[141.656,44.123],[141.653,44.151],[141.658,44.176],[141.657,44.205],[141.657,44.236],[141.654,44.263],[141.649,44.288],[141.65,44.317],[141.673,44.324],[141.682,44.345],[141.692,44.366],[141.707,44.38],[141.719,44.399],[141.735,44.414],[141.747,44.432],[141.756,44.453],[141.761,44.478],[141.764,44.506],[141.762,44.535],[141.769,44.558],[141.783,44.574],[141.789,44.599],[141.791,44.627],[141.792,44.657],[141.789,44.685],[141.785,44.71],[141.781,44.739],[141.776,44.764],[141.769,44.788],[141.762,44.812],[141.755,44.836],[141.747,44.858],[141.735,44.877],[141.73,44.903],[141.721,44.924],[141.71,44.944],[141.701,44.964],[141.69,44.984],[141.679,45.004],[141.668,45.023],[141.657,45.042],[141.646,45.061],[141.633,45.08],[141.622,45.099],[141.61,45.117],[141.598,45.136],[141.586,45.155],[141.578,45.177],[141.569,45.199],[141.571,45.226],[141.582,45.246],[141.598,45.261],[141.613,45.278],[141.619,45.302],[141.63,45.32],[141.646,45.336],[141.656,45.356],[141.648,45.379],[141.637,45.397],[141.637,45.427],[141.644,45.449],[141.664,45.438],[141.677,45.421],[141.691,45.405],[141.713,45.396],[141.74,45.401],[141.767,45.404],[141.795,45.406],[141.818,45.414],[141.839,45.423],[141.858,45.435],[141.873,45.451],[141.876,45.478],[141.887,45.498],[141.902,45.513],[141.928,45.518],[141.937,45.523]],[[141.327,44.442],[141.321,44.418],[141.296,44.413],[141.309,44.43],[141.327,44.442]],[[141.426,44.447],[141.414,44.428],[141.386,44.43],[141.406,44.441],[141.426,44.447]],[[141.199,45.259],[141.219,45.249],[141.235,45.234],[141.262,45.231],[141.285,45.223],[141.305,45.213],[141.318,45.195],[141.327,45.173],[141.323,45.146],[141.309,45.131],[141.291,45.118],[141.271,45.108],[141.247,45.102],[141.222,45.106],[141.202,45.116],[141.183,45.127],[141.165,45.139],[141.152,45.156],[141.139,45.173],[141.138,45.203],[141.147,45.224],[141.163,45.238],[141.18,45.251],[141.199,45.259]],[[140.967,45.464],[140.982,45.449],[140.998,45.435],[141.027,45.436],[141.033,45.461],[141.051,45.448],[141.062,45.429],[141.057,45.405],[141.059,45.377],[141.057,45.349],[141.057,45.319],[141.047,45.298],[141.042,45.274],[141.018,45.281],[141.022,45.307],[141.008,45.323],[141.0,45.345],[140.991,45.366],[140.988,45.393],[140.993,45.419],[140.98,45.436],[140.968,45.454],[140.967,45.464]]]}},{"type":"Feature","properties":{"name":"陸奥湾"},"geometry":{"type":"MultiLineString","coordinates":[[[140.594,41.216],[140.612,41.204],[140.63,41.192],[140.643,41.175],[140.639,41.149],[140.634,41.124],[140.632,41.097],[140.637,41.072],[140.645,41.05],[140.648,41.023],[140.653,40.998],[140.658,40.971],[140.661,40.945],[140.669,40.923],[140.676,40.899],[140.683,40.876],[140.695,40.858],[140.713,40.846],[140.732,40.835],[140.761,40.835],[140.791,40.836],[140.811,40.846],[140.826,40.861],[140.845,40.873],[140.86,40.888],[140.868,40.91],[140.867,40.939],[140.846,40.948],[140.864,40.961],[140.868,40.987],[140.881,41.005],[140.909,41.003],[140.929,40.993],[140.952,40.986],[140.967,40.97],[140.985,40.957],[140.972,40.94],[141.0,40.936],[141.023,40.929],[141.042,40.917],[141.066,40.911],[141.081,40.896],[141.095,40.88],[141.116,40.871],[141.141,40.877],[141.16,40.887],[141.176,40.902],[141.19,40.918],[141.202,40.936],[141.213,40.955],[141.223,40.976],[141.231,40.998],[141.237,41.022],[141.242,41.048],[141.242,41.077],[141.246,41.103],[141.257,41.122],[141.273,41.137],[141.278,41.161],[141.27,41.184],[141.257,41.201],[141.248,41.223],[141.235,41.24],[141.22,41.255],[141.203,41.268],[141.181,41.276],[141.156,41.271],[141.143,41.254],[141.136,41.23],[141.118,41.217],[141.094,41.211],[141.074,41.2],[141.059,41.185],[141.031,41.187],[141.011,41.197],[140.982,41.199],[140.961,41.188],[140.946,41.174],[140.917,41.176],[140.897,41.166],[140.868,41.165],[140.846,41.157],[140.828,41.145],[140.813,41.13],[140.785,41.131],[140.768,41.144],[140.769,41.173],[140.77,41.202],[140.778,41.21]]]}},{"type":"Feature","properties":{"name":"和歌山県"},"geometry":{"type":"MultiLineString","coordinates":[[[135.812,33.481],[135.837,33.477],[135.863,33.472],[135.846,33.459],[135.823,33.452],[135.805,33.464],[135.812,33.481]],[[136.012,33.723],[135.997,33.708],[135.987,33.688],[135.972,33.673],[135.986,33.657],[135.959,33.654],[135.938,33.645],[135.952,33.629],[135.937,33.614],[135.948,33.595],[135.939,33.574],[135.913,33.57],[135.894,33.558],[135.92,33.562],[135.905,33.547],[135.886,33.536],[135.865,33.527],[135.844,33.518],[135.82,33.511],[135.802,33.499],[135.789,33.482],[135.792,33.455],[135.771,33.445],[135.773,33.474],[135.75,33.481],[135.724,33.478],[135.704,33.488],[135.674,33.489],[135.655,33.5],[135.633,33.507],[135.605,33.509],[135.577,33.511],[135.552,33.516],[135.527,33.522],[135.51,33.535],[135.488,33.543],[135.463,33.548],[135.444,33.559],[135.425,33.57],[135.405,33.58],[135.39,33.594],[135.398,33.616],[135.393,33.641],[135.374,33.652],[135.349,33.657],[135.331,33.669],[135.344,33.687],[135.372,33.685],[135.388,33.7],[135.398,33.719],[135.376,33.727],[135.349,33.731],[135.333,33.745],[135.322,33.764],[135.297,33.769],[135.278,33.78],[135.25,33.782],[135.236,33.798],[135.217,33.809],[135.194,33.817],[135.177,33.83],[135.163,33.846],[135.156,33.87],[135.142,33.885],[135.119,33.892],[135.092,33.889],[135.069,33.883],[135.058,33.902],[135.083,33.908],[135.07,33.925],[135.087,33.938],[135.101,33.953],[135.076,33.958],[135.084,33.98],[135.101,33.993],[135.126,33.998],[135.149,34.006],[135.159,34.026],[135.148,34.045],[135.136,34.063],[135.112,34.07],[135.084,34.072],[135.096,34.09],[135.111,34.105],[135.133,34.114],[135.124,34.136],[135.151,34.139],[135.18,34.14],[135.201,34.149],[135.183,34.161],[135.179,34.187],[135.151,34.184],[135.137,34.201],[135.129,34.225],[135.103,34.233],[135.128,34.227],[135.117,34.246],[135.095,34.254],[135.071,34.261],[135.07,34.29],[135.083,34.307],[135.093,34.312]],[[135.021,34.293],[135.006,34.277],[135.021,34.293],[135.021,34.293]]]}},{"type":"Feature","properties":{"name":"帰属未定1"},"geometry":{"type":"MultiLineString","coordinates":[]}},{"type":"Feature","properties":{"name":"帰属未定2"},"geometry":{"type":"MultiLineString","coordinates":[]}},{"type":"Feature","properties":{"name":"帰属未定3"},"geometry":{"type":"MultiLineString","coordinates":[]}},{"type":"Feature","properties":{"name":"帰属未定4"},"geometry":{"type":"MultiLineString","coordinates":[]}},{"type":"Feature","properties":{"name":"北海道太平洋沿岸東部"},"geometry":{"type":"MultiLineString","coordinates":[[[146.017,43.378],[146.003,43.362],[146.017,43.378],[146.017,43.378]],[[146.099,43.448],[146.09,43.426],[146.068,43.418],[146.051,43.406],[146.025,43.41],[146.04,43.425],[146.061,43.433],[146.082,43.424],[146.093,43.443],[146.099,43.448]],[[145.888,43.462],[145.904,43.448],[145.93,43.451],[145.944,43.435],[145.922,43.426],[145.901,43.417],[145.898,43.444],[145.875,43.451],[145.888,43.462]],[[146.135,43.549],[146.154,43.538],[146.178,43.532],[146.178,43.502],[146.173,43.478],[146.149,43.472],[146.128,43.463],[146.111,43.476],[146.101,43.496],[146.084,43.51],[146.067,43.523],[146.086,43.534],[146.109,43.541],[146.132,43.548],[146.135,43.549]],[[146.312,43.651],[146.329,43.639],[146.353,43.632],[146.336,43.619],[146.308,43.621],[146.281,43.624],[146.301,43.634],[146.312,43.651]],[[146.832,43.887],[146.853,43.877],[146.874,43.867],[146.888,43.851],[146.915,43.847],[146.902,43.829],[146.893,43.808],[146.866,43.811],[146.838,43.808],[146.848,43.788],[146.82,43.79],[146.795,43.785],[146.786,43.763],[146.766,43.753],[146.74,43.748],[146.724,43.735],[146.704,43.746],[146.685,43.735],[146.677,43.713],[146.655,43.704],[146.638,43.717],[146.622,43.731],[146.618,43.757],[146.61,43.736],[146.586,43.744],[146.599,43.762],[146.595,43.788],[146.6,43.813],[146.623,43.82],[146.65,43.823],[146.676,43.827],[146.706,43.827],[146.734,43.829],[146.74,43.853],[146.758,43.865],[146.779,43.874],[146.796,43.86],[146.81,43.876],[146.828,43.888],[146.832,43.887]],[[145.338,44.341],[145.348,44.322],[145.35,44.293],[145.36,44.274],[145.356,44.248],[145.346,44.228],[145.335,44.209],[145.324,44.188],[145.308,44.174],[145.293,44.159],[145.276,44.146],[145.259,44.132],[145.25,44.111],[145.24,44.091],[145.238,44.062],[145.227,44.043],[145.209,44.032],[145.193,44.018],[145.179,44.002],[145.163,43.988],[145.149,43.971],[145.135,43.955],[145.124,43.936],[145.112,43.917],[145.101,43.898],[145.095,43.874],[145.094,43.845],[145.084,43.824],[145.067,43.812],[145.06,43.787],[145.064,43.761],[145.075,43.741],[145.092,43.728],[145.103,43.709],[145.116,43.692],[145.128,43.673],[145.137,43.652],[145.157,43.641],[145.18,43.634],[145.203,43.627],[145.228,43.621],[145.251,43.614],[145.277,43.609],[145.302,43.604],[145.325,43.597],[145.343,43.584],[145.341,43.556],[145.317,43.55],[145.286,43.551],[145.307,43.56],[145.334,43.563],[145.322,43.582],[145.31,43.6],[145.286,43.593],[145.263,43.601],[145.242,43.592],[145.263,43.602],[145.244,43.614],[145.221,43.621],[145.201,43.611],[145.211,43.59],[145.223,43.571],[145.231,43.548],[145.243,43.53],[145.247,43.503],[145.253,43.48],[145.261,43.456],[145.265,43.431],[145.275,43.41],[145.286,43.39],[145.297,43.372],[145.311,43.356],[145.327,43.341],[145.344,43.328],[145.362,43.316],[145.381,43.304],[145.399,43.291],[145.425,43.288],[145.449,43.279],[145.473,43.273],[145.5,43.276],[145.512,43.293],[145.527,43.308],[145.549,43.316],[145.567,43.328],[145.587,43.34],[145.602,43.355],[145.624,43.363],[145.639,43.378],[145.655,43.392],[145.681,43.388],[145.707,43.384],[145.732,43.389],[145.753,43.398],[145.775,43.389],[145.803,43.388],[145.798,43.363],[145.779,43.352],[145.759,43.342],[145.736,43.334],[145.708,43.335],[145.686,43.327],[145.663,43.32],[145.633,43.32],[145.611,43.311],[145.598,43.295],[145.577,43.281],[145.562,43.266],[145.555,43.242],[145.551,43.215],[145.53,43.207],[145.52,43.186],[145.513,43.163],[145.499,43.18],[145.477,43.188],[145.447,43.188],[145.419,43.187],[145.392,43.184],[145.364,43.181],[145.339,43.176],[145.318,43.167],[145.293,43.173],[145.271,43.165],[145.247,43.158],[145.23,43.146],[145.208,43.137],[145.184,43.143],[145.158,43.147],[145.137,43.139],[145.118,43.127],[145.11,43.105],[145.123,43.084],[145.153,43.084],[145.138,43.068],[145.116,43.077],[145.092,43.071],[145.086,43.046],[145.062,43.04],[145.042,43.03],[145.024,43.018],[145.015,42.997],[144.991,42.991],[144.971,42.981],[144.944,42.984],[144.916,42.986],[144.887,42.986],[144.868,42.997],[144.853,43.013],[144.837,43.027],[144.85,43.045],[144.831,43.057],[144.803,43.059],[144.78,43.05],[144.763,43.037],[144.746,43.024],[144.734,43.006],[144.723,42.987],[144.736,42.969],[144.752,42.955],[144.772,42.945],[144.753,42.933],[144.725,42.934],[144.698,42.937],[144.671,42.941],[144.646,42.946],[144.621,42.951],[144.593,42.949],[144.563,42.95],[144.533,42.95],[144.508,42.946],[144.483,42.94],[144.458,42.945],[144.436,42.953],[144.41,42.957],[144.387,42.966],[144.362,42.971],[144.358,42.997],[144.33,42.999],[144.305,43.005],[144.277,43.003],[144.25,43.0],[144.223,42.997],[144.198,42.992],[144.174,42.986],[144.151,42.979],[144.129,42.971],[144.109,42.96],[144.087,42.952],[144.062,42.946],[144.04,42.938],[144.02,42.928],[144.0,42.918],[143.98,42.908],[143.96,42.898],[143.941,42.887],[143.921,42.875],[143.901,42.863],[143.882,42.851],[143.869,42.842]],[[146.167,44.517],[146.184,44.505],[146.2,44.491],[146.222,44.483],[146.234,44.464],[146.252,44.452],[146.274,44.444],[146.292,44.432],[146.316,44.426],[146.338,44.417],[146.367,44.418],[146.394,44.421],[146.423,44.42],[146.452,44.419],[146.48,44.422],[146.506,44.426],[146.531,44.432],[146.551,44.442],[146.57,44.453],[146.557,44.435],[146.548,44.415],[146.537,44.396],[146.526,44.377],[146.505,44.367],[146.488,44.354],[146.471,44.367],[146.451,44.377],[146.424,44.374],[146.403,44.365],[146.383,44.355],[146.368,44.34],[146.358,44.32],[146.339,44.308],[146.321,44.297],[146.302,44.286],[146.282,44.275],[146.254,44.273],[146.223,44.273],[146.197,44.269],[146.169,44.271],[146.145,44.265],[146.115,44.264],[146.095,44.254],[146.078,44.241],[146.062,44.227],[146.052,44.207],[146.045,44.183],[146.022,44.177],[145.995,44.173],[145.974,44.163],[145.953,44.154],[145.934,44.143],[145.916,44.13],[145.902,44.112],[145.89,44.094],[145.88,44.074],[145.865,44.058],[145.866,44.029],[145.838,44.032],[145.818,44.021],[145.806,44.003],[145.794,43.985],[145.791,43.958],[145.781,43.938],[145.76,43.929],[145.738,43.921],[145.716,43.913],[145.689,43.91],[145.659,43.911],[145.638,43.902],[145.625,43.885],[145.606,43.873],[145.586,43.863],[145.576,43.843],[145.572,43.816],[145.571,43.788],[145.569,43.759],[145.563,43.735],[145.56,43.708],[145.555,43.683],[145.549,43.658],[145.535,43.674],[145.541,43.698],[145.547,43.722],[145.529,43.734],[145.499,43.734],[145.474,43.729],[145.448,43.725],[145.425,43.733],[145.422,43.76],[145.421,43.79],[145.413,43.811],[145.399,43.828],[145.413,43.844],[145.438,43.849],[145.451,43.866],[145.462,43.885],[145.477,43.9],[145.5,43.908],[145.521,43.917],[145.537,43.931],[145.558,43.942],[145.582,43.947],[145.594,43.966],[145.613,43.977],[145.632,43.988],[145.652,43.999],[145.671,44.01],[145.685,44.027],[145.707,44.034],[145.728,44.044],[145.744,44.058],[145.744,44.088],[145.754,44.109],[145.767,44.126],[145.783,44.14],[145.798,44.155],[145.817,44.165],[145.833,44.179],[145.848,44.195],[145.859,44.214],[145.873,44.23],[145.886,44.248],[145.904,44.26],[145.923,44.27],[145.945,44.279],[145.96,44.294],[145.976,44.308],[145.991,44.323],[146.001,44.343],[146.008,44.366],[146.017,44.388],[146.033,44.401],[146.049,44.416],[146.061,44.434],[146.072,44.453],[146.082,44.474],[146.099,44.486],[146.117,44.498],[146.136,44.51],[146.161,44.514],[146.167,44.517]],[[148.753,45.557],[148.779,45.554],[148.808,45.552],[148.835,45.549],[148.856,45.54],[148.875,45.529],[148.891,45.515],[148.89,45.486],[148.871,45.474],[148.848,45.467],[148.83,45.455],[148.831,45.426],[148.853,45.419],[148.868,45.403],[148.864,45.376],[148.852,45.357],[148.843,45.337],[148.813,45.338],[148.79,45.33],[148.76,45.331],[148.736,45.337],[148.707,45.336],[148.678,45.335],[148.65,45.332],[148.622,45.331],[148.601,45.321],[148.577,45.316],[148.557,45.305],[148.538,45.295],[148.519,45.283],[148.5,45.273],[148.481,45.261],[148.461,45.251],[148.432,45.25],[148.412,45.24],[148.39,45.233],[148.365,45.227],[148.339,45.223],[148.311,45.218],[148.29,45.209],[148.274,45.195],[148.251,45.188],[148.23,45.179],[148.213,45.166],[148.196,45.153],[148.171,45.147],[148.15,45.138],[148.132,45.126],[148.108,45.118],[148.089,45.105],[148.075,45.089],[148.061,45.073],[148.039,45.064],[148.026,45.048],[148.008,45.035],[147.996,45.018],[147.981,45.003],[147.955,44.997],[147.933,44.987],[147.92,44.97],[147.898,44.962],[147.871,44.965],[147.843,44.963],[147.82,44.955],[147.796,44.949],[147.771,44.954],[147.75,44.963],[147.732,44.975],[147.728,45.001],[147.703,45.006],[147.677,45.003],[147.655,44.994],[147.637,44.982],[147.622,44.967],[147.612,44.948],[147.625,44.931],[147.649,44.925],[147.635,44.909],[147.621,44.893],[147.608,44.876],[147.598,44.856],[147.583,44.841],[147.565,44.829],[147.547,44.817],[147.519,44.814],[147.5,44.803],[147.49,44.783],[147.463,44.78],[147.44,44.773],[147.419,44.764],[147.401,44.751],[147.38,44.742],[147.369,44.723],[147.346,44.716],[147.327,44.705],[147.314,44.688],[147.301,44.671],[147.283,44.659],[147.27,44.642],[147.26,44.622],[147.252,44.6],[147.231,44.591],[147.214,44.578],[147.19,44.572],[147.167,44.565],[147.142,44.56],[147.118,44.566],[147.09,44.563],[147.07,44.553],[147.055,44.538],[147.036,44.526],[147.021,44.51],[147.008,44.493],[146.997,44.474],[146.989,44.451],[146.972,44.439],[146.954,44.427],[146.926,44.429],[146.898,44.431],[146.875,44.438],[146.858,44.452],[146.865,44.474],[146.875,44.495],[146.89,44.511],[146.91,44.522],[146.932,44.53],[146.948,44.545],[146.943,44.57],[146.931,44.588],[146.938,44.612],[146.948,44.631],[146.957,44.61],[146.966,44.589],[146.983,44.576],[147.007,44.583],[147.024,44.597],[147.034,44.618],[147.027,44.641],[147.007,44.651],[147.026,44.662],[147.049,44.654],[147.07,44.646],[147.093,44.638],[147.115,44.646],[147.134,44.657],[147.151,44.67],[147.168,44.684],[147.185,44.697],[147.195,44.718],[147.2,44.742],[147.192,44.764],[147.163,44.766],[147.136,44.769],[147.116,44.779],[147.104,44.796],[147.108,44.822],[147.13,44.83],[147.155,44.824],[147.175,44.814],[147.191,44.8],[147.221,44.801],[147.244,44.809],[147.252,44.831],[147.264,44.85],[147.272,44.871],[147.295,44.878],[147.318,44.885],[147.342,44.893],[147.362,44.902],[147.383,44.911],[147.401,44.924],[147.417,44.938],[147.432,44.952],[147.449,44.966],[147.466,44.979],[147.486,44.989],[147.508,44.996],[147.515,45.02],[147.521,45.044],[147.527,45.068],[147.527,45.098],[147.506,45.107],[147.535,45.106],[147.565,45.107],[147.577,45.089],[147.601,45.082],[147.626,45.077],[147.653,45.08],[147.674,45.089],[147.693,45.1],[147.699,45.125],[147.704,45.15],[147.714,45.169],[147.732,45.182],[147.747,45.196],[147.771,45.202],[147.795,45.209],[147.817,45.217],[147.838,45.208],[147.86,45.216],[147.87,45.236],[147.882,45.254],[147.868,45.271],[147.872,45.297],[147.861,45.316],[147.853,45.339],[147.849,45.364],[147.861,45.382],[147.872,45.402],[147.889,45.415],[147.905,45.431],[147.932,45.434],[147.951,45.424],[147.964,45.405],[147.969,45.381],[147.979,45.36],[147.992,45.343],[147.999,45.321],[148.006,45.297],[148.018,45.279],[148.036,45.267],[148.06,45.261],[148.087,45.258],[148.116,45.257],[148.145,45.258],[148.174,45.26],[148.202,45.263],[148.23,45.265],[148.256,45.269],[148.281,45.274],[148.306,45.279],[148.33,45.286],[148.345,45.3],[148.364,45.312],[148.386,45.32],[148.408,45.328],[148.423,45.342],[148.444,45.352],[148.455,45.37],[148.476,45.38],[148.477,45.408],[148.495,45.421],[148.512,45.434],[148.528,45.448],[148.55,45.456],[148.566,45.47],[148.577,45.489],[148.606,45.491],[148.627,45.5],[148.641,45.516],[148.651,45.536],[148.68,45.537],[148.706,45.541],[148.731,45.547],[148.752,45.555],[148.753,45.557]]]}},{"type":"Feature","properties":{"name":"京都府"},"geometry":{"type":"MultiLineString","coordinates":[[[134.868,35.658],[134.886,35.647],[134.915,35.646],[134.939,35.651],[134.96,35.661],[134.972,35.678],[134.989,35.692],[135.018,35.693],[135.041,35.7],[135.062,35.71],[135.08,35.722],[135.093,35.738],[135.117,35.745],[135.135,35.757],[135.162,35.754],[135.184,35.762],[135.21,35.765],[135.239,35.767],[135.253,35.75],[135.275,35.742],[135.288,35.725],[135.296,35.703],[135.3,35.677],[135.279,35.668],[135.26,35.657],[135.249,35.638],[135.239,35.617],[135.224,35.602],[135.207,35.589],[135.194,35.572],[135.188,35.548],[135.205,35.561],[135.227,35.57],[135.242,35.585],[135.255,35.568],[135.238,35.555],[135.249,35.536],[135.272,35.529],[135.29,35.516],[135.317,35.519],[135.334,35.506],[135.323,35.487],[135.316,35.464],[135.337,35.473],[135.35,35.49],[135.379,35.488],[135.4,35.498],[135.376,35.505],[135.347,35.504],[135.338,35.525],[135.342,35.551],[135.37,35.553],[135.395,35.558],[135.413,35.57],[135.432,35.581],[135.45,35.594],[135.453,35.567],[135.473,35.557],[135.487,35.558]]]}},{"type":"Feature","properties":{"name":"高知県"},"geometry":{"type":"MultiLineString","coordinates":[[[132.546,32.755],[132.563,32.742],[132.571,32.72],[132.553,32.708],[132.541,32.725],[132.544,32.752],[132.546,32.755]],[[134.306,33.549],[134.29,33.534],[134.281,33.513],[134.269,33.495],[134.253,33.48],[134.241,33.462],[134.235,33.439],[134.223,33.421],[134.212,33.401],[134.209,33.374],[134.201,33.352],[134.197,33.326],[134.19,33.303],[134.186,33.277],[134.182,33.251],[134.163,33.262],[134.152,33.282],[134.137,33.297],[134.107,33.297],[134.104,33.324],[134.085,33.336],[134.071,33.351],[134.056,33.367],[134.035,33.376],[134.034,33.405],[134.018,33.419],[133.995,33.427],[133.975,33.437],[133.955,33.447],[133.942,33.464],[133.934,33.487],[133.912,33.495],[133.888,33.501],[133.861,33.505],[133.837,33.51],[133.812,33.516],[133.783,33.517],[133.756,33.52],[133.743,33.537],[133.713,33.538],[133.686,33.535],[133.66,33.531],[133.635,33.526],[133.609,33.521],[133.588,33.509],[133.566,33.501],[133.565,33.53],[133.548,33.518],[133.559,33.5],[133.543,33.486],[133.521,33.478],[133.502,33.467],[133.481,33.458],[133.46,33.449],[133.438,33.441],[133.41,33.443],[133.395,33.429],[133.365,33.428],[133.381,33.414],[133.403,33.423],[133.417,33.439],[133.443,33.435],[133.433,33.415],[133.412,33.406],[133.385,33.403],[133.357,33.401],[133.336,33.392],[133.327,33.37],[133.307,33.38],[133.296,33.4],[133.281,33.385],[133.268,33.368],[133.264,33.342],[133.242,33.333],[133.253,33.315],[133.239,33.299],[133.245,33.274],[133.261,33.259],[133.247,33.242],[133.242,33.218],[133.232,33.198],[133.212,33.187],[133.219,33.164],[133.192,33.167],[133.175,33.155],[133.164,33.136],[133.153,33.117],[133.142,33.097],[133.122,33.088],[133.106,33.074],[133.098,33.051],[133.095,33.024],[133.074,33.033],[133.049,33.038],[133.027,33.03],[133.012,33.015],[133.004,32.993],[132.999,32.968],[132.996,32.941],[133.004,32.918],[133.008,32.892],[132.997,32.872],[132.974,32.865],[132.951,32.858],[132.957,32.834],[132.958,32.805],[132.978,32.795],[133.001,32.787],[133.011,32.767],[133.018,32.745],[133.011,32.723],[132.988,32.73],[132.966,32.738],[132.956,32.758],[132.968,32.776],[132.948,32.766],[132.939,32.786],[132.91,32.788],[132.882,32.79],[132.873,32.768],[132.864,32.79],[132.846,32.778],[132.828,32.766],[132.811,32.753],[132.785,32.757],[132.759,32.754],[132.745,32.77],[132.727,32.782],[132.712,32.797],[132.688,32.792],[132.667,32.783],[132.648,32.771],[132.636,32.789],[132.651,32.804],[132.659,32.826],[132.674,32.841],[132.658,32.855],[132.676,32.867],[132.691,32.882],[132.714,32.875],[132.704,32.896],[132.712,32.919],[132.689,32.927],[132.667,32.919],[132.656,32.925]]]}},{"type":"Feature","properties":{"name":"有明・八代海"},"geometry":{"type":"MultiLineString","coordinates":[[[130.361,32.169],[130.377,32.182],[130.383,32.207],[130.394,32.227],[130.417,32.234],[130.43,32.251],[130.44,32.271],[130.452,32.289],[130.481,32.291],[130.471,32.312],[130.484,32.329],[130.493,32.35],[130.499,32.375],[130.512,32.391],[130.53,32.403],[130.544,32.419],[130.564,32.43],[130.566,32.458],[130.555,32.477],[130.542,32.494],[130.565,32.505],[130.543,32.515],[130.566,32.507],[130.548,32.52],[130.556,32.543],[130.574,32.556],[130.589,32.575],[130.605,32.589],[130.627,32.598],[130.617,32.618],[130.647,32.618],[130.632,32.634],[130.608,32.627],[130.582,32.623],[130.552,32.623],[130.526,32.618],[130.502,32.612],[130.476,32.609],[130.457,32.621],[130.471,32.637],[130.491,32.648],[130.512,32.657],[130.535,32.665],[130.549,32.681],[130.565,32.696],[130.588,32.704],[130.607,32.715],[130.606,32.744],[130.599,32.767],[130.607,32.789],[130.598,32.81],[130.584,32.827],[130.573,32.847],[130.544,32.847],[130.523,32.856],[130.519,32.883],[130.499,32.893],[130.48,32.904],[130.462,32.917],[130.443,32.927],[130.435,32.949],[130.431,32.975],[130.419,32.993],[130.396,33.001],[130.419,33.008],[130.392,33.005],[130.409,33.018],[130.42,33.038],[130.419,33.068],[130.409,33.088],[130.387,33.096],[130.378,33.117],[130.372,33.141],[130.343,33.142],[130.315,33.145],[130.287,33.148],[130.278,33.169],[130.259,33.182],[130.25,33.203],[130.231,33.192],[130.224,33.168],[130.206,33.156],[130.191,33.14],[130.171,33.131],[130.15,33.113],[130.127,33.105],[130.143,33.09],[130.15,33.067],[130.167,33.053],[130.176,33.032],[130.186,33.012],[130.194,32.989],[130.215,32.98],[130.208,32.957],[130.201,32.934],[130.187,32.917],[130.166,32.909],[130.167,32.88],[130.18,32.863],[130.195,32.848],[130.216,32.857],[130.234,32.869],[130.262,32.872],[130.287,32.877],[130.311,32.871],[130.331,32.861],[130.345,32.845],[130.355,32.825],[130.366,32.806],[130.378,32.787],[130.371,32.764],[130.377,32.74],[130.362,32.725],[130.347,32.709],[130.358,32.69],[130.345,32.673],[130.323,32.665],[130.305,32.654],[130.275,32.654],[130.258,32.641],[130.241,32.628],[130.228,32.611],[130.208,32.604]],[[130.355,32.352],[130.36,32.327],[130.345,32.312],[130.32,32.307],[130.334,32.323],[130.342,32.345],[130.355,32.352]],[[130.315,32.368],[130.334,32.357],[130.321,32.34],[130.302,32.351],[130.315,32.368]],[[130.415,32.399],[130.426,32.38],[130.408,32.392],[130.415,32.399]],[[130.197,32.504],[130.204,32.48],[130.203,32.451],[130.209,32.427],[130.2,32.405],[130.218,32.393],[130.224,32.369],[130.211,32.353],[130.203,32.33],[130.186,32.316],[130.17,32.329],[130.154,32.322]],[[130.461,32.53],[130.451,32.51],[130.441,32.49],[130.434,32.467],[130.419,32.45],[130.416,32.423],[130.403,32.405],[130.388,32.391],[130.362,32.386],[130.349,32.402],[130.323,32.398],[130.294,32.4],[130.275,32.41],[130.257,32.398],[130.24,32.385],[130.244,32.411],[130.221,32.419],[130.21,32.437],[130.22,32.457],[130.241,32.466],[130.259,32.479],[130.283,32.485],[130.298,32.501],[130.314,32.515],[130.34,32.519],[130.361,32.528],[130.381,32.518],[130.394,32.5],[130.409,32.515],[130.432,32.522],[130.458,32.526],[130.461,32.53]],[[130.473,32.588],[130.487,32.571],[130.474,32.555],[130.461,32.572],[130.473,32.588]],[[130.493,32.61],[130.511,32.597],[130.497,32.58],[130.48,32.594],[130.493,32.61]],[[130.443,32.626],[130.452,32.605],[130.452,32.576],[130.447,32.55],[130.421,32.546],[130.408,32.563],[130.398,32.583],[130.41,32.603],[130.425,32.618],[130.443,32.626]]]}}]}